{
"type": "FeatureCollection",
"name": "directorates",
"crs": { "type": "name", "properties": { "name": "urn:ogc:def:crs:OGC:1.3:CRS84" } },
"xy_coordinate_resolution": 1e-05,
"features": [
{ "type": "Feature", "properties": { "name": "BAHÇEKÖY" }, "geometry": { "type": "Polygon", "coordinates": [ [ [ 28.94975, 41.26392 ], [ 28.95584, 41.26302 ], [ 28.96208, 41.26019 ], [ 28.96488, 41.25685 ], [ 28.96493, 41.25529 ], [ 28.96695, 41.25389 ], [ 28.97487, 41.25259 ], [ 28.97845, 41.25359 ], [ 28.98061, 41.25239 ], [ 28.98262, 41.25236 ], [ 28.99514, 41.24843 ], [ 29.01667, 41.24558 ], [ 29.02904, 41.24571 ], [ 29.03346, 41.24668 ], [ 29.03443, 41.2476 ], [ 29.03374, 41.24953 ], [ 29.0346, 41.24964 ], [ 29.035, 41.25075 ], [ 29.03675, 41.25007 ], [ 29.03839, 41.25195 ], [ 29.03882, 41.25481 ], [ 29.03742, 41.25639 ], [ 29.03833, 41.25652 ], [ 29.03838, 41.25767 ], [ 29.04027, 41.25605 ], [ 29.04192, 41.25651 ], [ 29.04135, 41.25546 ], [ 29.04306, 41.25357 ], [ 29.04453, 41.2536 ], [ 29.04553, 41.25531 ], [ 29.04745, 41.25505 ], [ 29.04742, 41.25652 ], [ 29.04969, 41.257 ], [ 29.05065, 41.25664 ], [ 29.05017, 41.25588 ], [ 29.05396, 41.25585 ], [ 29.05448, 41.25485 ], [ 29.05901, 41.25467 ], [ 29.06064, 41.2553 ], [ 29.06249, 41.25372 ], [ 29.06262, 41.25149 ], [ 29.06366, 41.25222 ], [ 29.06384, 41.2507 ], [ 29.06586, 41.25115 ], [ 29.06634, 41.25273 ], [ 29.06752, 41.25347 ], [ 29.06777, 41.2523 ], [ 29.06953, 41.25198 ], [ 29.07047, 41.25262 ], [ 29.07204, 41.25167 ], [ 29.07235, 41.25093 ], [ 29.07115, 41.24892 ], [ 29.07213, 41.24817 ], [ 29.07377, 41.24969 ], [ 29.07546, 41.24976 ], [ 29.07578, 41.25219 ], [ 29.07784, 41.25438 ], [ 29.0802, 41.25158 ], [ 29.07918, 41.25024 ], [ 29.07972, 41.24887 ], [ 29.08435, 41.24978 ], [ 29.08327, 41.24914 ], [ 29.08485, 41.24738 ], [ 29.08484, 41.24577 ], [ 29.09006, 41.24788 ], [ 29.09148, 41.24703 ], [ 29.09153, 41.24378 ], [ 29.09219, 41.24363 ], [ 29.09285, 41.24527 ], [ 29.09421, 41.24538 ], [ 29.09784, 41.24345 ], [ 29.09849, 41.24193 ], [ 29.09745, 41.24105 ], [ 29.09784, 41.24009 ], [ 29.10025, 41.24201 ], [ 29.10103, 41.24135 ], [ 29.1023, 41.24239 ], [ 29.10195, 41.24143 ], [ 29.10318, 41.24133 ], [ 29.10299, 41.24073 ], [ 29.10558, 41.24048 ], [ 29.10512, 41.23881 ], [ 29.10701, 41.23967 ], [ 29.1065, 41.23834 ], [ 29.10518, 41.23768 ], [ 29.10591, 41.23704 ], [ 29.10865, 41.23824 ], [ 29.11164, 41.23829 ], [ 29.11215, 41.23756 ], [ 29.10898, 41.23533 ], [ 29.11239, 41.23538 ], [ 29.11603, 41.23406 ], [ 29.11484, 41.23159 ], [ 29.11493, 41.22897 ], [ 29.11379, 41.23173 ], [ 29.11513, 41.23344 ], [ 29.11304, 41.2339 ], [ 29.11246, 41.23247 ], [ 29.1131, 41.23189 ], [ 29.11196, 41.23152 ], [ 29.11279, 41.23095 ], [ 29.11221, 41.23056 ], [ 29.11306, 41.23016 ], [ 29.11323, 41.22872 ], [ 29.10849, 41.22466 ], [ 29.10948, 41.22297 ], [ 29.10712, 41.22199 ], [ 29.10638, 41.22026 ], [ 29.10693, 41.21717 ], [ 29.11138, 41.21398 ], [ 29.10941, 41.21373 ], [ 29.11088, 41.21299 ], [ 29.10828, 41.20967 ], [ 29.10526, 41.20759 ], [ 29.10599, 41.20699 ], [ 29.10408, 41.20541 ], [ 29.09996, 41.20602 ], [ 29.0977, 41.20289 ], [ 29.09137, 41.20021 ], [ 29.08137, 41.18781 ], [ 29.07678, 41.18514 ], [ 29.07375, 41.17952 ], [ 29.07387, 41.17726 ], [ 29.07268, 41.17507 ], [ 29.06754, 41.1724 ], [ 29.06085, 41.17077 ], [ 29.05788, 41.16879 ], [ 29.05702, 41.16575 ], [ 29.05193, 41.16476 ], [ 29.04635, 41.1608 ], [ 29.03651, 41.15686 ], [ 29.03587, 41.15586 ], [ 29.03701, 41.15579 ], [ 29.03683, 41.15472 ], [ 29.04139, 41.15295 ], [ 29.04435, 41.14975 ], [ 29.05248, 41.14686 ], [ 29.05557, 41.14388 ], [ 29.05793, 41.13978 ], [ 29.05733, 41.13909 ], [ 29.05453, 41.13903 ], [ 29.05423, 41.13817 ], [ 29.0487, 41.13615 ], [ 29.04454, 41.13592 ], [ 29.03407, 41.13849 ], [ 29.03019, 41.14042 ], [ 29.02557, 41.14043 ], [ 29.01817, 41.14698 ], [ 29.01235, 41.14644 ], [ 29.01056, 41.14839 ], [ 29.00944, 41.15121 ], [ 29.00757, 41.15283 ], [ 29.00392, 41.15241 ], [ 29.00516, 41.15337 ], [ 29.00467, 41.15393 ], [ 29.00047, 41.15145 ], [ 28.99927, 41.15304 ], [ 28.99605, 41.15029 ], [ 28.99534, 41.14787 ], [ 28.99361, 41.14748 ], [ 28.99183, 41.15053 ], [ 28.98198, 41.15181 ], [ 28.97927, 41.1504 ], [ 28.97514, 41.15223 ], [ 28.97382, 41.15542 ], [ 28.9747, 41.15767 ], [ 28.96785, 41.15786 ], [ 28.96553, 41.16019 ], [ 28.96129, 41.16074 ], [ 28.95903, 41.1623 ], [ 28.95557, 41.16324 ], [ 28.953, 41.1632 ], [ 28.94771, 41.16027 ], [ 28.94453, 41.15952 ], [ 28.94297, 41.16136 ], [ 28.93762, 41.16081 ], [ 28.9365, 41.16242 ], [ 28.93355, 41.15824 ], [ 28.93184, 41.1598 ], [ 28.92778, 41.16009 ], [ 28.92454, 41.16306 ], [ 28.92302, 41.16845 ], [ 28.91985, 41.16857 ], [ 28.91672, 41.16745 ], [ 28.91354, 41.16279 ], [ 28.91016, 41.16219 ], [ 28.90761, 41.16516 ], [ 28.90531, 41.16957 ], [ 28.90577, 41.17334 ], [ 28.9033, 41.18408 ], [ 28.90507, 41.18839 ], [ 28.90533, 41.1947 ], [ 28.90534, 41.19693 ], [ 28.90363, 41.20085 ], [ 28.90382, 41.20306 ], [ 28.90153, 41.20752 ], [ 28.89914, 41.20796 ], [ 28.89631, 41.21 ], [ 28.89609, 41.21216 ], [ 28.8971, 41.21543 ], [ 28.89614, 41.21849 ], [ 28.89464, 41.2198 ], [ 28.89304, 41.2234 ], [ 28.88981, 41.22618 ], [ 28.89046, 41.22834 ], [ 28.88945, 41.23321 ], [ 28.89527, 41.23735 ], [ 28.89997, 41.23648 ], [ 28.90068, 41.23386 ], [ 28.90821, 41.23307 ], [ 28.91194, 41.23588 ], [ 28.91464, 41.23402 ], [ 28.91835, 41.23327 ], [ 28.91957, 41.2359 ], [ 28.91948, 41.23843 ], [ 28.92789, 41.23003 ], [ 28.93168, 41.23046 ], [ 28.93297, 41.23118 ], [ 28.93617, 41.23755 ], [ 28.93705, 41.242 ], [ 28.94049, 41.24817 ], [ 28.94073, 41.25192 ], [ 28.94267, 41.25611 ], [ 28.94807, 41.25718 ], [ 28.94975, 41.26392 ] ] ] } },
{ "type": "Feature", "properties": { "name": "DEMİRKÖY" }, "geometry": { "type": "Polygon", "coordinates": [ [ [ 27.87112, 41.99951 ], [ 27.87698, 42.00041 ], [ 27.87701, 41.99733 ], [ 27.87916, 41.99495 ], [ 27.88414, 41.99638 ], [ 27.89161, 41.99411 ], [ 27.89742, 41.99351 ], [ 27.89986, 41.99235 ], [ 27.89976, 41.98209 ], [ 27.90471, 41.97879 ], [ 27.90897, 41.9746 ], [ 27.91528, 41.97321 ], [ 27.91615, 41.9736 ], [ 27.91682, 41.97565 ], [ 27.9185, 41.97658 ], [ 27.92044, 41.98286 ], [ 27.92265, 41.98261 ], [ 27.92444, 41.98126 ], [ 27.925, 41.9798 ], [ 27.92462, 41.9765 ], [ 27.92907, 41.97655 ], [ 27.92934, 41.97829 ], [ 27.93104, 41.97873 ], [ 27.93071, 41.97951 ], [ 27.93213, 41.9806 ], [ 27.93187, 41.98362 ], [ 27.93279, 41.98529 ], [ 27.93786, 41.98122 ], [ 27.93912, 41.97916 ], [ 27.94207, 41.978 ], [ 27.94402, 41.97775 ], [ 27.94745, 41.97918 ], [ 27.94823, 41.98081 ], [ 27.95342, 41.98174 ], [ 27.95657, 41.98136 ], [ 27.95541, 41.97697 ], [ 27.95751, 41.97657 ], [ 27.9602, 41.97725 ], [ 27.96226, 41.9802 ], [ 27.96755, 41.98027 ], [ 27.97218, 41.9837 ], [ 27.97579, 41.98441 ], [ 27.97478, 41.98829 ], [ 27.97623, 41.99025 ], [ 27.98002, 41.98854 ], [ 27.98369, 41.9852 ], [ 27.9929, 41.98095 ], [ 27.99959, 41.98131 ], [ 28.00945, 41.97883 ], [ 28.0136, 41.98056 ], [ 28.02462, 41.9803 ], [ 28.02756, 41.9829 ], [ 28.02926, 41.98332 ], [ 28.02701, 41.98052 ], [ 28.02822, 41.97426 ], [ 28.03517, 41.96715 ], [ 28.04002, 41.96512 ], [ 28.04278, 41.96214 ], [ 28.04011, 41.95944 ], [ 28.04082, 41.95637 ], [ 28.04345, 41.9539 ], [ 28.04553, 41.95369 ], [ 28.04546, 41.95174 ], [ 28.04782, 41.94648 ], [ 28.04915, 41.94553 ], [ 28.04918, 41.94434 ], [ 28.04824, 41.94352 ], [ 28.04765, 41.94033 ], [ 28.04429, 41.9385 ], [ 28.04355, 41.93564 ], [ 28.04203, 41.93393 ], [ 28.04639, 41.92764 ], [ 28.04592, 41.92706 ], [ 28.047, 41.92463 ], [ 28.04701, 41.92347 ], [ 28.04587, 41.92237 ], [ 28.04601, 41.91922 ], [ 28.04459, 41.91786 ], [ 28.04543, 41.91695 ], [ 28.04402, 41.91524 ], [ 28.04421, 41.9136 ], [ 28.04647, 41.90962 ], [ 28.04668, 41.90682 ], [ 28.04819, 41.90595 ], [ 28.04798, 41.90508 ], [ 28.04983, 41.90233 ], [ 28.0537, 41.89787 ], [ 28.05317, 41.89728 ], [ 28.05344, 41.89544 ], [ 28.05418, 41.89518 ], [ 28.0538, 41.89239 ], [ 28.05744, 41.88454 ], [ 28.05694, 41.8837 ], [ 28.05483, 41.88305 ], [ 28.05478, 41.88202 ], [ 28.05209, 41.88216 ], [ 28.04811, 41.88091 ], [ 28.04392, 41.88172 ], [ 28.04282, 41.88076 ], [ 28.04067, 41.88178 ], [ 28.03975, 41.88314 ], [ 28.03211, 41.88658 ], [ 28.02886, 41.88636 ], [ 28.02847, 41.88862 ], [ 28.02634, 41.88977 ], [ 28.02315, 41.88897 ], [ 28.02403, 41.89018 ], [ 28.0202, 41.89318 ], [ 28.01398, 41.89462 ], [ 28.00528, 41.89184 ], [ 27.99646, 41.88618 ], [ 27.98992, 41.87914 ], [ 27.98589, 41.8724 ], [ 27.98193, 41.87046 ], [ 27.98077, 41.86761 ], [ 27.97389, 41.87028 ], [ 27.97395, 41.87346 ], [ 27.97013, 41.8735 ], [ 27.97015, 41.87542 ], [ 27.96314, 41.87624 ], [ 27.9599, 41.87517 ], [ 27.95518, 41.87497 ], [ 27.94653, 41.87588 ], [ 27.94134, 41.87772 ], [ 27.93637, 41.87347 ], [ 27.93697, 41.87351 ], [ 27.93685, 41.86902 ], [ 27.93402, 41.86859 ], [ 27.93366, 41.8642 ], [ 27.93784, 41.86575 ], [ 27.94066, 41.86502 ], [ 27.94554, 41.86513 ], [ 27.94905, 41.86384 ], [ 27.95727, 41.85782 ], [ 27.9646, 41.85623 ], [ 27.96548, 41.85516 ], [ 27.96253, 41.85401 ], [ 27.96165, 41.84975 ], [ 27.96201, 41.84791 ], [ 27.96315, 41.84834 ], [ 27.96437, 41.84455 ], [ 27.96006, 41.84422 ], [ 27.95947, 41.84323 ], [ 27.95999, 41.84014 ], [ 27.95713, 41.83768 ], [ 27.94226, 41.83895 ], [ 27.93945, 41.83975 ], [ 27.93857, 41.84124 ], [ 27.93645, 41.84164 ], [ 27.93302, 41.84 ], [ 27.92732, 41.83982 ], [ 27.92539, 41.8366 ], [ 27.92774, 41.83598 ], [ 27.92505, 41.83215 ], [ 27.92091, 41.82983 ], [ 27.92573, 41.8285 ], [ 27.93029, 41.82975 ], [ 27.931, 41.82906 ], [ 27.93075, 41.82724 ], [ 27.93333, 41.82436 ], [ 27.93757, 41.82372 ], [ 27.93849, 41.82182 ], [ 27.94003, 41.82418 ], [ 27.94193, 41.82386 ], [ 27.94468, 41.82057 ], [ 27.94431, 41.81848 ], [ 27.94497, 41.81776 ], [ 27.94417, 41.81523 ], [ 27.94473, 41.81174 ], [ 27.94241, 41.81152 ], [ 27.95082, 41.81179 ], [ 27.95595, 41.81023 ], [ 27.95779, 41.80797 ], [ 27.95521, 41.80538 ], [ 27.95635, 41.80439 ], [ 27.95529, 41.80284 ], [ 27.96029, 41.80419 ], [ 27.9613, 41.8036 ], [ 27.96207, 41.80129 ], [ 27.96323, 41.80127 ], [ 27.96565, 41.80531 ], [ 27.96618, 41.80477 ], [ 27.96569, 41.80344 ], [ 27.96788, 41.80137 ], [ 27.97996, 41.79882 ], [ 27.98647, 41.79837 ], [ 27.99157, 41.79586 ], [ 27.99409, 41.79649 ], [ 27.99297, 41.79343 ], [ 27.99595, 41.78897 ], [ 27.99345, 41.78837 ], [ 27.99721, 41.787 ], [ 27.99866, 41.78484 ], [ 27.99395, 41.78632 ], [ 27.9918, 41.78548 ], [ 27.9829, 41.78518 ], [ 27.96625, 41.78083 ], [ 27.96334, 41.782 ], [ 27.9608, 41.77994 ], [ 27.96123, 41.7781 ], [ 27.95738, 41.77487 ], [ 27.9533, 41.77371 ], [ 27.94703, 41.77495 ], [ 27.93789, 41.772 ], [ 27.93412, 41.77266 ], [ 27.93307, 41.77404 ], [ 27.93034, 41.77247 ], [ 27.92847, 41.76742 ], [ 27.92456, 41.76517 ], [ 27.92698, 41.76191 ], [ 27.92519, 41.75921 ], [ 27.92802, 41.75804 ], [ 27.92061, 41.75032 ], [ 27.92291, 41.7486 ], [ 27.92122, 41.74819 ], [ 27.91907, 41.74608 ], [ 27.91729, 41.74623 ], [ 27.91561, 41.74772 ], [ 27.91328, 41.75218 ], [ 27.91335, 41.75483 ], [ 27.90878, 41.75899 ], [ 27.91377, 41.76286 ], [ 27.91327, 41.76451 ], [ 27.91442, 41.76611 ], [ 27.9141, 41.76867 ], [ 27.9108, 41.76883 ], [ 27.91217, 41.77083 ], [ 27.90985, 41.77556 ], [ 27.90519, 41.77717 ], [ 27.90323, 41.77596 ], [ 27.90114, 41.77821 ], [ 27.89675, 41.77758 ], [ 27.89733, 41.77626 ], [ 27.89656, 41.77389 ], [ 27.89447, 41.77372 ], [ 27.89239, 41.77183 ], [ 27.88941, 41.77533 ], [ 27.88805, 41.77528 ], [ 27.88696, 41.77417 ], [ 27.88515, 41.77455 ], [ 27.88417, 41.77316 ], [ 27.88435, 41.77068 ], [ 27.8802, 41.7722 ], [ 27.88158, 41.77366 ], [ 27.87588, 41.77501 ], [ 27.87695, 41.77193 ], [ 27.87089, 41.76533 ], [ 27.86433, 41.76801 ], [ 27.86371, 41.7675 ], [ 27.8639, 41.76527 ], [ 27.86288, 41.76487 ], [ 27.86343, 41.76402 ], [ 27.86284, 41.76243 ], [ 27.86136, 41.76174 ], [ 27.86141, 41.76068 ], [ 27.85608, 41.75451 ], [ 27.8506, 41.75108 ], [ 27.84877, 41.75111 ], [ 27.84767, 41.75004 ], [ 27.84001, 41.74815 ], [ 27.83607, 41.74947 ], [ 27.8385, 41.75438 ], [ 27.83767, 41.75662 ], [ 27.83809, 41.75843 ], [ 27.83387, 41.76365 ], [ 27.83039, 41.76369 ], [ 27.82373, 41.76551 ], [ 27.82095, 41.76329 ], [ 27.81642, 41.76429 ], [ 27.80838, 41.76338 ], [ 27.804, 41.76425 ], [ 27.80363, 41.76234 ], [ 27.80154, 41.76089 ], [ 27.79726, 41.7619 ], [ 27.79522, 41.76117 ], [ 27.79222, 41.76234 ], [ 27.78941, 41.76484 ], [ 27.78034, 41.76622 ], [ 27.78115, 41.76769 ], [ 27.78408, 41.76953 ], [ 27.78254, 41.77098 ], [ 27.7825, 41.77253 ], [ 27.77898, 41.77564 ], [ 27.77262, 41.77634 ], [ 27.76739, 41.77834 ], [ 27.75394, 41.77642 ], [ 27.75135, 41.77819 ], [ 27.74915, 41.7785 ], [ 27.74456, 41.77572 ], [ 27.74048, 41.77069 ], [ 27.73808, 41.77019 ], [ 27.7339, 41.77168 ], [ 27.73366, 41.76951 ], [ 27.73153, 41.76666 ], [ 27.73172, 41.76489 ], [ 27.72707, 41.76184 ], [ 27.7258, 41.75991 ], [ 27.72193, 41.75936 ], [ 27.72179, 41.75575 ], [ 27.71362, 41.75273 ], [ 27.71068, 41.74785 ], [ 27.71016, 41.74486 ], [ 27.70469, 41.74294 ], [ 27.69411, 41.75213 ], [ 27.67963, 41.75782 ], [ 27.67699, 41.75952 ], [ 27.67126, 41.75929 ], [ 27.6678, 41.76136 ], [ 27.66336, 41.7622 ], [ 27.65252, 41.76202 ], [ 27.64975, 41.7663 ], [ 27.64936, 41.76889 ], [ 27.64705, 41.77024 ], [ 27.64157, 41.77139 ], [ 27.63711, 41.77524 ], [ 27.6346, 41.77558 ], [ 27.63321, 41.77496 ], [ 27.63047, 41.77709 ], [ 27.62445, 41.77962 ], [ 27.62116, 41.78291 ], [ 27.61866, 41.78296 ], [ 27.6144, 41.7794 ], [ 27.60989, 41.77887 ], [ 27.60245, 41.78264 ], [ 27.60038, 41.7813 ], [ 27.59821, 41.7813 ], [ 27.59525, 41.78389 ], [ 27.59158, 41.78453 ], [ 27.59031, 41.78552 ], [ 27.59038, 41.78943 ], [ 27.58928, 41.79181 ], [ 27.59034, 41.79472 ], [ 27.5802, 41.79987 ], [ 27.57859, 41.8029 ], [ 27.57375, 41.80357 ], [ 27.57069, 41.80351 ], [ 27.56854, 41.80202 ], [ 27.56424, 41.80265 ], [ 27.56201, 41.80379 ], [ 27.56027, 41.80634 ], [ 27.55498, 41.80782 ], [ 27.55318, 41.80904 ], [ 27.54665, 41.80985 ], [ 27.54252, 41.80915 ], [ 27.53759, 41.80943 ], [ 27.53624, 41.81056 ], [ 27.53662, 41.81263 ], [ 27.53565, 41.8138 ], [ 27.52801, 41.81801 ], [ 27.52261, 41.81916 ], [ 27.52722, 41.82333 ], [ 27.53633, 41.82842 ], [ 27.53778, 41.83097 ], [ 27.53875, 41.83563 ], [ 27.54005, 41.83617 ], [ 27.5431, 41.84059 ], [ 27.5446, 41.84097 ], [ 27.5466, 41.83975 ], [ 27.54799, 41.84026 ], [ 27.55021, 41.84276 ], [ 27.55094, 41.84534 ], [ 27.55414, 41.84641 ], [ 27.55365, 41.84756 ], [ 27.55111, 41.84892 ], [ 27.55123, 41.84984 ], [ 27.55028, 41.85003 ], [ 27.5513, 41.85142 ], [ 27.55117, 41.85279 ], [ 27.55221, 41.85356 ], [ 27.55126, 41.8547 ], [ 27.55288, 41.85436 ], [ 27.55393, 41.85512 ], [ 27.55307, 41.85669 ], [ 27.55383, 41.8579 ], [ 27.55291, 41.85951 ], [ 27.55402, 41.86006 ], [ 27.55409, 41.86228 ], [ 27.55828, 41.86338 ], [ 27.5602, 41.86612 ], [ 27.55792, 41.86705 ], [ 27.55666, 41.86669 ], [ 27.55521, 41.86918 ], [ 27.55251, 41.86975 ], [ 27.55208, 41.87186 ], [ 27.55597, 41.87508 ], [ 27.55927, 41.87636 ], [ 27.5592, 41.87733 ], [ 27.555, 41.88135 ], [ 27.56074, 41.88309 ], [ 27.562, 41.88608 ], [ 27.56132, 41.88849 ], [ 27.5567, 41.89342 ], [ 27.55553, 41.89572 ], [ 27.55741, 41.89815 ], [ 27.55903, 41.89872 ], [ 27.55862, 41.90329 ], [ 27.56031, 41.9048 ], [ 27.56444, 41.90543 ], [ 27.57164, 41.90436 ], [ 27.57266, 41.90518 ], [ 27.57246, 41.91121 ], [ 27.57134, 41.91288 ], [ 27.56862, 41.91316 ], [ 27.56344, 41.91202 ], [ 27.5621, 41.91299 ], [ 27.56159, 41.91512 ], [ 27.56532, 41.91913 ], [ 27.57526, 41.91905 ], [ 27.57683, 41.92008 ], [ 27.57583, 41.92243 ], [ 27.57394, 41.92374 ], [ 27.56692, 41.92319 ], [ 27.56601, 41.92376 ], [ 27.56614, 41.92456 ], [ 27.56996, 41.9269 ], [ 27.57141, 41.93213 ], [ 27.57441, 41.93229 ], [ 27.57448, 41.93725 ], [ 27.58259, 41.93556 ], [ 27.58738, 41.93658 ], [ 27.58808, 41.93541 ], [ 27.58549, 41.93315 ], [ 27.58549, 41.93225 ], [ 27.58835, 41.93152 ], [ 27.59192, 41.93493 ], [ 27.59676, 41.93751 ], [ 27.60205, 41.94692 ], [ 27.60567, 41.94726 ], [ 27.60829, 41.94591 ], [ 27.60924, 41.94339 ], [ 27.60774, 41.94122 ], [ 27.60782, 41.93976 ], [ 27.60954, 41.93825 ], [ 27.61203, 41.93817 ], [ 27.61417, 41.9389 ], [ 27.61593, 41.9416 ], [ 27.61911, 41.94265 ], [ 27.62264, 41.94658 ], [ 27.62511, 41.94785 ], [ 27.62525, 41.94844 ], [ 27.62304, 41.9495 ], [ 27.62325, 41.95062 ], [ 27.62604, 41.9514 ], [ 27.62812, 41.94958 ], [ 27.62921, 41.94983 ], [ 27.62957, 41.9519 ], [ 27.62714, 41.95345 ], [ 27.62387, 41.95364 ], [ 27.61977, 41.95545 ], [ 27.61958, 41.95741 ], [ 27.6214, 41.95867 ], [ 27.62557, 41.9588 ], [ 27.63, 41.95558 ], [ 27.63352, 41.95452 ], [ 27.6358, 41.95547 ], [ 27.63687, 41.9588 ], [ 27.63869, 41.95918 ], [ 27.63943, 41.95843 ], [ 27.6392, 41.95492 ], [ 27.64222, 41.95419 ], [ 27.64377, 41.95486 ], [ 27.64766, 41.96001 ], [ 27.652, 41.9622 ], [ 27.65645, 41.96198 ], [ 27.65922, 41.96075 ], [ 27.65678, 41.95949 ], [ 27.65629, 41.95809 ], [ 27.65854, 41.95684 ], [ 27.66224, 41.95765 ], [ 27.6658, 41.96163 ], [ 27.6674, 41.96229 ], [ 27.67103, 41.96077 ], [ 27.66979, 41.957 ], [ 27.67199, 41.95625 ], [ 27.67304, 41.95715 ], [ 27.67376, 41.96319 ], [ 27.67969, 41.96345 ], [ 27.6815, 41.96434 ], [ 27.68205, 41.96603 ], [ 27.68147, 41.96868 ], [ 27.68405, 41.97141 ], [ 27.69127, 41.97171 ], [ 27.69733, 41.97416 ], [ 27.70138, 41.97044 ], [ 27.70383, 41.97067 ], [ 27.70294, 41.97588 ], [ 27.69611, 41.97587 ], [ 27.69489, 41.97702 ], [ 27.6959, 41.97806 ], [ 27.70609, 41.97778 ], [ 27.70834, 41.97504 ], [ 27.71408, 41.97704 ], [ 27.73243, 41.97367 ], [ 27.73496, 41.97429 ], [ 27.73395, 41.97655 ], [ 27.73432, 41.97835 ], [ 27.73695, 41.97993 ], [ 27.73955, 41.97895 ], [ 27.74252, 41.97544 ], [ 27.74863, 41.97233 ], [ 27.74744, 41.97091 ], [ 27.74345, 41.96977 ], [ 27.74382, 41.96843 ], [ 27.74505, 41.96824 ], [ 27.7492, 41.9699 ], [ 27.75276, 41.96985 ], [ 27.76561, 41.96802 ], [ 27.76712, 41.96711 ], [ 27.76919, 41.96041 ], [ 27.77055, 41.95996 ], [ 27.77236, 41.96075 ], [ 27.77481, 41.96544 ], [ 27.77912, 41.96581 ], [ 27.78426, 41.96362 ], [ 27.78554, 41.96124 ], [ 27.78493, 41.95981 ], [ 27.77834, 41.95566 ], [ 27.77863, 41.95366 ], [ 27.78068, 41.95321 ], [ 27.78734, 41.95466 ], [ 27.78997, 41.9542 ], [ 27.79187, 41.95287 ], [ 27.79153, 41.94876 ], [ 27.79314, 41.94771 ], [ 27.79603, 41.94989 ], [ 27.79999, 41.95094 ], [ 27.80082, 41.95284 ], [ 27.80165, 41.95306 ], [ 27.80311, 41.9512 ], [ 27.80662, 41.94999 ], [ 27.80764, 41.94663 ], [ 27.81278, 41.94321 ], [ 27.81518, 41.94268 ], [ 27.81614, 41.94338 ], [ 27.81676, 41.9456 ], [ 27.81295, 41.95038 ], [ 27.81227, 41.95234 ], [ 27.8131, 41.95396 ], [ 27.81993, 41.95315 ], [ 27.82468, 41.94829 ], [ 27.82612, 41.9478 ], [ 27.83232, 41.94735 ], [ 27.83565, 41.94775 ], [ 27.83643, 41.94865 ], [ 27.8359, 41.94972 ], [ 27.83679, 41.95421 ], [ 27.83343, 41.96145 ], [ 27.82983, 41.96149 ], [ 27.82838, 41.95982 ], [ 27.8255, 41.95926 ], [ 27.81984, 41.96253 ], [ 27.82053, 41.96589 ], [ 27.82551, 41.97398 ], [ 27.82462, 41.97481 ], [ 27.81977, 41.97475 ], [ 27.81834, 41.97617 ], [ 27.81785, 41.98643 ], [ 27.81943, 41.98799 ], [ 27.82082, 41.99197 ], [ 27.82648, 41.99394 ], [ 27.82759, 41.99789 ], [ 27.83073, 41.99857 ], [ 27.83345, 41.99695 ], [ 27.8353, 41.99409 ], [ 27.84051, 41.99177 ], [ 27.84443, 41.99134 ], [ 27.84909, 41.99471 ], [ 27.85048, 41.99842 ], [ 27.84935, 41.9998 ], [ 27.84957, 42.001 ], [ 27.85394, 42.00216 ], [ 27.85623, 42.00096 ], [ 27.85693, 41.99841 ], [ 27.85588, 41.99741 ], [ 27.85246, 41.99667 ], [ 27.85142, 41.9943 ], [ 27.85254, 41.99199 ], [ 27.8548, 41.99109 ], [ 27.85667, 41.99328 ], [ 27.86101, 41.99614 ], [ 27.85765, 42.00045 ], [ 27.85927, 42.00566 ], [ 27.86067, 42.00628 ], [ 27.86421, 42.0062 ], [ 27.86582, 42.00278 ], [ 27.86795, 42.00055 ], [ 27.87112, 41.99951 ] ], [ [ 27.964, 41.91433 ], [ 27.96221, 41.91247 ], [ 27.96254, 41.91157 ], [ 27.96083, 41.9104 ], [ 27.96136, 41.90848 ], [ 27.96299, 41.90662 ], [ 27.9647, 41.90647 ], [ 27.96485, 41.90531 ], [ 27.96878, 41.90464 ], [ 27.96944, 41.90312 ], [ 27.96441, 41.90416 ], [ 27.95547, 41.90874 ], [ 27.9474, 41.91042 ], [ 27.9462, 41.91174 ], [ 27.94456, 41.91085 ], [ 27.94223, 41.91102 ], [ 27.94166, 41.91021 ], [ 27.94454, 41.9064 ], [ 27.94413, 41.9054 ], [ 27.94516, 41.90406 ], [ 27.94496, 41.90301 ], [ 27.94927, 41.9032 ], [ 27.96004, 41.90031 ], [ 27.96635, 41.89764 ], [ 27.96741, 41.89645 ], [ 27.96652, 41.89575 ], [ 27.96738, 41.89488 ], [ 27.97102, 41.89574 ], [ 27.98297, 41.8918 ], [ 27.98442, 41.88621 ], [ 27.98676, 41.88615 ], [ 27.99115, 41.88396 ], [ 27.99281, 41.8848 ], [ 27.99348, 41.88441 ], [ 28.00345, 41.89358 ], [ 28.00021, 41.89693 ], [ 27.99569, 41.89622 ], [ 27.99053, 41.89835 ], [ 27.98797, 41.89771 ], [ 27.98668, 41.89913 ], [ 27.98123, 41.89941 ], [ 27.97872, 41.90637 ], [ 27.97358, 41.90744 ], [ 27.97257, 41.9089 ], [ 27.9712, 41.90933 ], [ 27.96866, 41.91316 ], [ 27.96657, 41.91172 ], [ 27.96504, 41.91414 ], [ 27.964, 41.91433 ] ] ] } },
{ "type": "Feature", "properties": { "name": "EDİRNE" }, "geometry": { "type": "Polygon", "coordinates": [ [ [ 26.93353, 42.00129 ], [ 26.93664, 42.00172 ], [ 26.93949, 42.00005 ], [ 26.94295, 42.00027 ], [ 26.9444, 42.00161 ], [ 26.94723, 42.00129 ], [ 26.95395, 41.99924 ], [ 26.95828, 41.99683 ], [ 26.96186, 41.99747 ], [ 26.96784, 41.99651 ], [ 26.96818, 41.99529 ], [ 26.97269, 41.99274 ], [ 26.97374, 41.99076 ], [ 26.97486, 41.99038 ], [ 26.97401, 41.987 ], [ 26.97284, 41.98585 ], [ 26.97419, 41.98407 ], [ 26.97401, 41.98108 ], [ 26.97627, 41.98006 ], [ 26.98121, 41.97962 ], [ 26.98591, 41.97493 ], [ 26.98554, 41.96672 ], [ 26.98845, 41.96514 ], [ 26.98963, 41.96298 ], [ 26.98918, 41.95328 ], [ 26.98708, 41.94897 ], [ 26.98889, 41.9454 ], [ 26.9911, 41.94502 ], [ 26.99151, 41.9408 ], [ 26.99267, 41.93978 ], [ 26.98621, 41.93972 ], [ 26.9863, 41.92985 ], [ 26.98322, 41.92624 ], [ 26.97776, 41.92487 ], [ 26.97825, 41.92398 ], [ 26.97374, 41.91725 ], [ 26.97022, 41.91677 ], [ 26.96707, 41.91755 ], [ 26.96127, 41.91406 ], [ 26.95499, 41.91244 ], [ 26.95259, 41.91305 ], [ 26.95215, 41.91237 ], [ 26.95309, 41.90693 ], [ 26.94819, 41.90101 ], [ 26.94754, 41.89667 ], [ 26.95167, 41.88763 ], [ 26.95107, 41.886 ], [ 26.9528, 41.88437 ], [ 26.95294, 41.88163 ], [ 26.95433, 41.87876 ], [ 26.95291, 41.87488 ], [ 26.95192, 41.86414 ], [ 26.94691, 41.86085 ], [ 26.94687, 41.85932 ], [ 26.94832, 41.85671 ], [ 26.95087, 41.85466 ], [ 26.95303, 41.85671 ], [ 26.95512, 41.85712 ], [ 26.95719, 41.85708 ], [ 26.95907, 41.85567 ], [ 26.95901, 41.8538 ], [ 26.96129, 41.85169 ], [ 26.96197, 41.84902 ], [ 26.96416, 41.84862 ], [ 26.96245, 41.8455 ], [ 26.96763, 41.84284 ], [ 26.96988, 41.84044 ], [ 26.97415, 41.84017 ], [ 26.97696, 41.84364 ], [ 26.98163, 41.84545 ], [ 26.98438, 41.83944 ], [ 26.98377, 41.83617 ], [ 26.98249, 41.8348 ], [ 26.98686, 41.83007 ], [ 26.98782, 41.82761 ], [ 26.98721, 41.82632 ], [ 26.99344, 41.82237 ], [ 26.99728, 41.81825 ], [ 27.00735, 41.82219 ], [ 27.00835, 41.82185 ], [ 27.0105, 41.81866 ], [ 27.00978, 41.81694 ], [ 27.01055, 41.81483 ], [ 27.00713, 41.80931 ], [ 27.00675, 41.80539 ], [ 27.00845, 41.80226 ], [ 27.00755, 41.79974 ], [ 27.00733, 41.7928 ], [ 27.00556, 41.79066 ], [ 27.00505, 41.7874 ], [ 27.00264, 41.78599 ], [ 27.00248, 41.7837 ], [ 27.00091, 41.78204 ], [ 27.00055, 41.77612 ], [ 26.99863, 41.76754 ], [ 26.99562, 41.76256 ], [ 26.99582, 41.76071 ], [ 26.98805, 41.75905 ], [ 26.98551, 41.75616 ], [ 26.98225, 41.7445 ], [ 26.98064, 41.74163 ], [ 26.97982, 41.73643 ], [ 26.97663, 41.73064 ], [ 26.97711, 41.72746 ], [ 26.97306, 41.7177 ], [ 26.97329, 41.71648 ], [ 26.97231, 41.71577 ], [ 26.97275, 41.71512 ], [ 26.97206, 41.71474 ], [ 26.97172, 41.71062 ], [ 26.97099, 41.70983 ], [ 26.97191, 41.70834 ], [ 26.97146, 41.70711 ], [ 26.97246, 41.7064 ], [ 26.97205, 41.70581 ], [ 26.97378, 41.7028 ], [ 26.97464, 41.69804 ], [ 26.97263, 41.69425 ], [ 26.97213, 41.69129 ], [ 26.97285, 41.68808 ], [ 26.97218, 41.68523 ], [ 26.97354, 41.68349 ], [ 26.9732, 41.68234 ], [ 26.97194, 41.68204 ], [ 26.97132, 41.67959 ], [ 26.97026, 41.67939 ], [ 26.96962, 41.67563 ], [ 26.97034, 41.67498 ], [ 26.96855, 41.672 ], [ 26.9696, 41.67163 ], [ 26.97031, 41.67002 ], [ 26.96955, 41.66842 ], [ 26.93322, 41.66135 ], [ 26.92351, 41.65836 ], [ 26.90838, 41.65534 ], [ 26.9098, 41.64335 ], [ 26.90841, 41.63992 ], [ 26.90782, 41.63289 ], [ 26.90988, 41.62567 ], [ 26.90986, 41.62222 ], [ 26.90646, 41.61378 ], [ 26.90694, 41.61066 ], [ 26.90862, 41.60803 ], [ 26.91102, 41.6087 ], [ 26.91292, 41.60229 ], [ 26.91189, 41.59524 ], [ 26.9109, 41.59178 ], [ 26.90971, 41.59065 ], [ 26.91071, 41.58741 ], [ 26.90879, 41.58006 ], [ 26.9065, 41.57659 ], [ 26.90579, 41.57321 ], [ 26.90165, 41.56342 ], [ 26.90197, 41.56257 ], [ 26.90499, 41.56232 ], [ 26.90752, 41.56014 ], [ 26.91031, 41.55907 ], [ 26.91088, 41.55721 ], [ 26.90939, 41.55524 ], [ 26.91072, 41.54998 ], [ 26.90921, 41.54657 ], [ 26.9058, 41.5436 ], [ 26.90084, 41.53368 ], [ 26.90034, 41.53008 ], [ 26.89868, 41.52664 ], [ 26.89659, 41.51371 ], [ 26.89995, 41.50929 ], [ 26.89533, 41.50752 ], [ 26.89291, 41.50429 ], [ 26.88938, 41.50193 ], [ 26.89033, 41.49961 ], [ 26.889, 41.49867 ], [ 26.8867, 41.49458 ], [ 26.87883, 41.49041 ], [ 26.88044, 41.48586 ], [ 26.88027, 41.48325 ], [ 26.88151, 41.47993 ], [ 26.88241, 41.47278 ], [ 26.88741, 41.47102 ], [ 26.88886, 41.46721 ], [ 26.88883, 41.46505 ], [ 26.8856, 41.46073 ], [ 26.88434, 41.45453 ], [ 26.8856, 41.45239 ], [ 26.88723, 41.44379 ], [ 26.88865, 41.44069 ], [ 26.88986, 41.4309 ], [ 26.89243, 41.42659 ], [ 26.89147, 41.42296 ], [ 26.88354, 41.41225 ], [ 26.88351, 41.41083 ], [ 26.88544, 41.40842 ], [ 26.88403, 41.40461 ], [ 26.88386, 41.40066 ], [ 26.88096, 41.39631 ], [ 26.88073, 41.39414 ], [ 26.89043, 41.38578 ], [ 26.8934, 41.37848 ], [ 26.90689, 41.37655 ], [ 26.90979, 41.37453 ], [ 26.91257, 41.37527 ], [ 26.91067, 41.37191 ], [ 26.91109, 41.36642 ], [ 26.90613, 41.35925 ], [ 26.90756, 41.35185 ], [ 26.90675, 41.35181 ], [ 26.90579, 41.34859 ], [ 26.90615, 41.34641 ], [ 26.90415, 41.34139 ], [ 26.90411, 41.33823 ], [ 26.90674, 41.33362 ], [ 26.90447, 41.32771 ], [ 26.90582, 41.32684 ], [ 26.91033, 41.32701 ], [ 26.91486, 41.32857 ], [ 26.91582, 41.32745 ], [ 26.92121, 41.32695 ], [ 26.92447, 41.32801 ], [ 26.93099, 41.32659 ], [ 26.93175, 41.32486 ], [ 26.93329, 41.3242 ], [ 26.93805, 41.32509 ], [ 26.94165, 41.32793 ], [ 26.94435, 41.32805 ], [ 26.94404, 41.32498 ], [ 26.94468, 41.32355 ], [ 26.93894, 41.31887 ], [ 26.93598, 41.31412 ], [ 26.93468, 41.3096 ], [ 26.92874, 41.30662 ], [ 26.92441, 41.30093 ], [ 26.92528, 41.29983 ], [ 26.92925, 41.30076 ], [ 26.9351, 41.29874 ], [ 26.94278, 41.29369 ], [ 26.9439, 41.29193 ], [ 26.94632, 41.29161 ], [ 26.94165, 41.28654 ], [ 26.94205, 41.27711 ], [ 26.9412, 41.2761 ], [ 26.936, 41.27404 ], [ 26.93305, 41.27557 ], [ 26.93237, 41.27718 ], [ 26.92855, 41.27691 ], [ 26.9318, 41.27491 ], [ 26.93065, 41.27193 ], [ 26.93382, 41.26677 ], [ 26.94255, 41.26221 ], [ 26.94363, 41.26041 ], [ 26.95176, 41.25769 ], [ 26.95417, 41.25576 ], [ 26.95808, 41.24317 ], [ 26.96195, 41.23778 ], [ 26.96317, 41.23128 ], [ 26.95668, 41.22761 ], [ 26.95499, 41.22192 ], [ 26.95169, 41.21699 ], [ 26.95145, 41.21225 ], [ 26.9482, 41.20298 ], [ 26.94562, 41.20188 ], [ 26.94393, 41.19975 ], [ 26.94446, 41.19861 ], [ 26.94772, 41.19691 ], [ 26.94501, 41.19048 ], [ 26.94673, 41.18744 ], [ 26.95075, 41.18495 ], [ 26.95057, 41.17891 ], [ 26.94385, 41.17342 ], [ 26.93469, 41.16904 ], [ 26.92979, 41.16757 ], [ 26.92343, 41.16268 ], [ 26.92078, 41.1622 ], [ 26.91258, 41.15851 ], [ 26.90593, 41.15438 ], [ 26.89918, 41.15229 ], [ 26.89485, 41.14808 ], [ 26.89279, 41.14771 ], [ 26.89178, 41.14458 ], [ 26.88912, 41.14493 ], [ 26.8898, 41.13756 ], [ 26.87395, 41.13131 ], [ 26.86307, 41.12551 ], [ 26.85951, 41.12251 ], [ 26.84528, 41.1152 ], [ 26.84292, 41.11292 ], [ 26.84251, 41.11123 ], [ 26.83338, 41.10929 ], [ 26.82906, 41.10967 ], [ 26.81832, 41.11243 ], [ 26.81699, 41.11451 ], [ 26.81135, 41.11802 ], [ 26.81096, 41.11913 ], [ 26.80968, 41.11824 ], [ 26.80895, 41.11693 ], [ 26.8082, 41.10863 ], [ 26.80848, 41.10387 ], [ 26.80934, 41.10242 ], [ 26.81221, 41.10093 ], [ 26.81292, 41.10218 ], [ 26.81459, 41.09815 ], [ 26.80982, 41.08563 ], [ 26.80955, 41.08205 ], [ 26.81149, 41.07872 ], [ 26.81448, 41.07737 ], [ 26.81817, 41.07194 ], [ 26.81886, 41.06913 ], [ 26.81715, 41.06584 ], [ 26.81717, 41.06431 ], [ 26.82167, 41.05742 ], [ 26.81924, 41.04739 ], [ 26.81623, 41.03916 ], [ 26.81543, 41.04171 ], [ 26.81188, 41.04568 ], [ 26.80996, 41.04674 ], [ 26.80873, 41.04907 ], [ 26.80426, 41.05271 ], [ 26.80322, 41.05473 ], [ 26.80191, 41.05523 ], [ 26.79982, 41.05839 ], [ 26.79535, 41.0608 ], [ 26.79141, 41.0612 ], [ 26.78836, 41.0629 ], [ 26.78456, 41.06314 ], [ 26.77892, 41.06719 ], [ 26.77061, 41.06721 ], [ 26.76635, 41.06624 ], [ 26.76414, 41.06707 ], [ 26.76267, 41.06893 ], [ 26.76042, 41.06901 ], [ 26.76002, 41.06969 ], [ 26.75583, 41.07053 ], [ 26.7546, 41.06974 ], [ 26.75276, 41.07054 ], [ 26.75132, 41.06959 ], [ 26.75014, 41.06985 ], [ 26.74498, 41.07522 ], [ 26.74137, 41.07377 ], [ 26.74007, 41.07526 ], [ 26.73533, 41.07336 ], [ 26.73385, 41.07379 ], [ 26.73379, 41.0729 ], [ 26.73204, 41.07246 ], [ 26.73217, 41.07137 ], [ 26.73003, 41.07036 ], [ 26.72752, 41.07006 ], [ 26.72623, 41.07117 ], [ 26.72471, 41.07122 ], [ 26.72374, 41.0693 ], [ 26.7212, 41.06896 ], [ 26.72127, 41.06733 ], [ 26.72065, 41.06724 ], [ 26.71999, 41.06806 ], [ 26.71711, 41.06806 ], [ 26.71386, 41.06986 ], [ 26.71238, 41.0718 ], [ 26.71119, 41.07206 ], [ 26.71085, 41.0738 ], [ 26.70856, 41.07379 ], [ 26.70867, 41.07455 ], [ 26.70695, 41.07532 ], [ 26.70739, 41.07302 ], [ 26.70599, 41.06808 ], [ 26.70203, 41.06439 ], [ 26.70315, 41.06085 ], [ 26.70067, 41.06064 ], [ 26.69791, 41.06226 ], [ 26.69234, 41.06245 ], [ 26.69526, 41.05777 ], [ 26.69355, 41.05126 ], [ 26.68964, 41.05202 ], [ 26.68902, 41.05404 ], [ 26.68745, 41.05176 ], [ 26.69722, 41.04484 ], [ 26.69777, 41.04213 ], [ 26.69442, 41.0409 ], [ 26.69214, 41.03881 ], [ 26.68833, 41.03768 ], [ 26.68654, 41.03602 ], [ 26.67885, 41.03339 ], [ 26.67158, 41.02745 ], [ 26.66845, 41.02656 ], [ 26.66855, 41.02835 ], [ 26.66134, 41.03096 ], [ 26.6589, 41.03309 ], [ 26.65453, 41.02933 ], [ 26.65052, 41.02771 ], [ 26.64961, 41.03086 ], [ 26.65049, 41.03154 ], [ 26.65057, 41.03363 ], [ 26.64748, 41.03386 ], [ 26.64447, 41.03574 ], [ 26.63915, 41.03417 ], [ 26.63503, 41.03101 ], [ 26.63368, 41.03974 ], [ 26.64078, 41.06097 ], [ 26.63699, 41.05895 ], [ 26.63, 41.05788 ], [ 26.62547, 41.05493 ], [ 26.62272, 41.05425 ], [ 26.61672, 41.05021 ], [ 26.61103, 41.05001 ], [ 26.60834, 41.05196 ], [ 26.60425, 41.05195 ], [ 26.60333, 41.05314 ], [ 26.60177, 41.05324 ], [ 26.59571, 41.05114 ], [ 26.59486, 41.04896 ], [ 26.59256, 41.04793 ], [ 26.59512, 41.04457 ], [ 26.59563, 41.04148 ], [ 26.59705, 41.04099 ], [ 26.59687, 41.03611 ], [ 26.59909, 41.03622 ], [ 26.59949, 41.037 ], [ 26.60062, 41.03658 ], [ 26.60136, 41.0322 ], [ 26.60463, 41.0278 ], [ 26.60303, 41.02707 ], [ 26.59959, 41.02748 ], [ 26.59804, 41.0289 ], [ 26.59854, 41.02734 ], [ 26.59524, 41.02721 ], [ 26.59339, 41.02797 ], [ 26.5925, 41.02958 ], [ 26.59293, 41.03406 ], [ 26.59145, 41.03526 ], [ 26.59157, 41.03731 ], [ 26.5899, 41.03761 ], [ 26.58869, 41.04184 ], [ 26.58257, 41.04172 ], [ 26.5718, 41.03614 ], [ 26.56304, 41.03628 ], [ 26.56133, 41.03779 ], [ 26.55862, 41.03897 ], [ 26.55658, 41.03888 ], [ 26.55452, 41.04044 ], [ 26.54827, 41.03803 ], [ 26.55339, 41.04462 ], [ 26.55732, 41.04732 ], [ 26.55999, 41.05504 ], [ 26.55703, 41.05447 ], [ 26.55026, 41.05552 ], [ 26.55081, 41.06422 ], [ 26.54903, 41.07038 ], [ 26.55243, 41.06918 ], [ 26.5579, 41.07209 ], [ 26.55909, 41.07937 ], [ 26.55509, 41.07861 ], [ 26.55077, 41.07954 ], [ 26.54839, 41.0811 ], [ 26.54762, 41.08388 ], [ 26.54629, 41.08454 ], [ 26.53541, 41.07754 ], [ 26.52671, 41.07684 ], [ 26.52177, 41.07519 ], [ 26.51781, 41.07526 ], [ 26.51243, 41.07882 ], [ 26.51508, 41.08405 ], [ 26.51444, 41.08618 ], [ 26.51162, 41.08528 ], [ 26.50448, 41.08098 ], [ 26.50048, 41.08034 ], [ 26.46217, 41.08775 ], [ 26.45103, 41.08424 ], [ 26.43594, 41.07458 ], [ 26.39097, 41.05249 ], [ 26.38057, 41.03824 ], [ 26.38429, 41.02942 ], [ 26.37674, 41.02188 ], [ 26.37544, 41.0186 ], [ 26.37366, 41.01737 ], [ 26.37284, 41.00834 ], [ 26.37069, 41.00428 ], [ 26.36422, 40.99846 ], [ 26.35659, 40.99589 ], [ 26.35501, 40.99747 ], [ 26.35881, 41.00083 ], [ 26.36588, 41.01868 ], [ 26.36468, 41.022 ], [ 26.35734, 41.02702 ], [ 26.34642, 41.02993 ], [ 26.34115, 41.03882 ], [ 26.33711, 41.0406 ], [ 26.32982, 41.04056 ], [ 26.32644, 41.04203 ], [ 26.3267, 41.0439 ], [ 26.33027, 41.04661 ], [ 26.33009, 41.05093 ], [ 26.31727, 41.06547 ], [ 26.31102, 41.07648 ], [ 26.31058, 41.07853 ], [ 26.31042, 41.08044 ], [ 26.31258, 41.08449 ], [ 26.31739, 41.08929 ], [ 26.32671, 41.09317 ], [ 26.33093, 41.09656 ], [ 26.33569, 41.10695 ], [ 26.3329, 41.1103 ], [ 26.3276, 41.11179 ], [ 26.31453, 41.10832 ], [ 26.30666, 41.1088 ], [ 26.30487, 41.11003 ], [ 26.30273, 41.1137 ], [ 26.30289, 41.11561 ], [ 26.30572, 41.11878 ], [ 26.31387, 41.12229 ], [ 26.32242, 41.12411 ], [ 26.321, 41.13462 ], [ 26.32286, 41.13594 ], [ 26.32823, 41.1365 ], [ 26.33197, 41.13776 ], [ 26.33549, 41.14125 ], [ 26.33617, 41.14306 ], [ 26.33601, 41.14557 ], [ 26.33003, 41.1529 ], [ 26.31428, 41.15942 ], [ 26.31295, 41.16547 ], [ 26.30683, 41.17265 ], [ 26.30653, 41.17442 ], [ 26.30733, 41.17871 ], [ 26.31117, 41.18294 ], [ 26.31411, 41.1842 ], [ 26.32189, 41.1846 ], [ 26.3237, 41.18542 ], [ 26.32421, 41.18666 ], [ 26.31971, 41.19598 ], [ 26.31893, 41.19906 ], [ 26.31949, 41.20324 ], [ 26.32473, 41.21353 ], [ 26.32975, 41.21724 ], [ 26.33066, 41.21983 ], [ 26.32938, 41.2217 ], [ 26.3248, 41.2244 ], [ 26.31726, 41.23787 ], [ 26.31744, 41.24262 ], [ 26.31827, 41.24453 ], [ 26.32305, 41.2493 ], [ 26.32366, 41.25359 ], [ 26.32758, 41.25573 ], [ 26.33387, 41.25528 ], [ 26.3378, 41.25608 ], [ 26.33988, 41.25899 ], [ 26.34222, 41.2595 ], [ 26.34838, 41.25794 ], [ 26.35131, 41.25555 ], [ 26.3544, 41.25118 ], [ 26.35756, 41.24954 ], [ 26.3723, 41.25252 ], [ 26.38653, 41.25054 ], [ 26.39408, 41.25055 ], [ 26.40713, 41.25426 ], [ 26.4106, 41.25983 ], [ 26.41348, 41.26272 ], [ 26.42575, 41.27007 ], [ 26.43059, 41.27477 ], [ 26.43703, 41.27926 ], [ 26.45428, 41.28075 ], [ 26.46219, 41.2832 ], [ 26.4649, 41.28944 ], [ 26.46502, 41.29316 ], [ 26.46354, 41.29538 ], [ 26.46361, 41.29803 ], [ 26.465, 41.30077 ], [ 26.47587, 41.30298 ], [ 26.48459, 41.30379 ], [ 26.48759, 41.30529 ], [ 26.49018, 41.30945 ], [ 26.49086, 41.3183 ], [ 26.49849, 41.32828 ], [ 26.49994, 41.32881 ], [ 26.50756, 41.32697 ], [ 26.51155, 41.32745 ], [ 26.51426, 41.32902 ], [ 26.51551, 41.33079 ], [ 26.51706, 41.33784 ], [ 26.51925, 41.33955 ], [ 26.53087, 41.33708 ], [ 26.53887, 41.34048 ], [ 26.54694, 41.3421 ], [ 26.54939, 41.34105 ], [ 26.55336, 41.33753 ], [ 26.56028, 41.33423 ], [ 26.56241, 41.33151 ], [ 26.57152, 41.32447 ], [ 26.57853, 41.32237 ], [ 26.58597, 41.32307 ], [ 26.59745, 41.32653 ], [ 26.60518, 41.33251 ], [ 26.6169, 41.33652 ], [ 26.62717, 41.34667 ], [ 26.62914, 41.35574 ], [ 26.63099, 41.35989 ], [ 26.63084, 41.36204 ], [ 26.63276, 41.36403 ], [ 26.63216, 41.37047 ], [ 26.63349, 41.37557 ], [ 26.633, 41.37858 ], [ 26.63454, 41.38088 ], [ 26.63502, 41.38611 ], [ 26.63284, 41.38985 ], [ 26.63311, 41.39252 ], [ 26.63053, 41.40004 ], [ 26.63056, 41.40352 ], [ 26.62826, 41.41081 ], [ 26.62956, 41.41403 ], [ 26.62869, 41.41919 ], [ 26.62474, 41.42142 ], [ 26.61597, 41.42248 ], [ 26.61352, 41.42378 ], [ 26.61299, 41.42484 ], [ 26.61137, 41.43378 ], [ 26.61168, 41.44116 ], [ 26.61347, 41.44612 ], [ 26.61152, 41.45397 ], [ 26.61336, 41.45815 ], [ 26.61267, 41.46367 ], [ 26.6087, 41.46735 ], [ 26.60708, 41.47006 ], [ 26.59965, 41.47689 ], [ 26.59765, 41.48023 ], [ 26.59895, 41.48442 ], [ 26.60379, 41.4891 ], [ 26.60455, 41.49096 ], [ 26.60348, 41.49566 ], [ 26.60343, 41.5008 ], [ 26.60177, 41.50735 ], [ 26.60023, 41.50994 ], [ 26.59657, 41.5134 ], [ 26.59661, 41.51697 ], [ 26.59242, 41.52213 ], [ 26.59098, 41.52565 ], [ 26.59308, 41.5331 ], [ 26.59619, 41.53887 ], [ 26.59819, 41.54471 ], [ 26.59734, 41.54736 ], [ 26.59259, 41.55207 ], [ 26.59068, 41.55578 ], [ 26.5936, 41.56473 ], [ 26.58724, 41.5707 ], [ 26.58962, 41.57425 ], [ 26.59606, 41.57753 ], [ 26.59966, 41.58211 ], [ 26.5974, 41.589 ], [ 26.59709, 41.59399 ], [ 26.59527, 41.59823 ], [ 26.59425, 41.61015 ], [ 26.56747, 41.61035 ], [ 26.52962, 41.62147 ], [ 26.48825, 41.65379 ], [ 26.48677, 41.65961 ], [ 26.48926, 41.6602 ], [ 26.49321, 41.65961 ], [ 26.49579, 41.66127 ], [ 26.49344, 41.66155 ], [ 26.49303, 41.6625 ], [ 26.49459, 41.6672 ], [ 26.49422, 41.67019 ], [ 26.49264, 41.67266 ], [ 26.49003, 41.67341 ], [ 26.4869, 41.6731 ], [ 26.47663, 41.66991 ], [ 26.46797, 41.67045 ], [ 26.45694, 41.67422 ], [ 26.45457, 41.67626 ], [ 26.4506, 41.68231 ], [ 26.44538, 41.68574 ], [ 26.44008, 41.68748 ], [ 26.43755, 41.68643 ], [ 26.43463, 41.68189 ], [ 26.43234, 41.68092 ], [ 26.42774, 41.68107 ], [ 26.42023, 41.68364 ], [ 26.41427, 41.68281 ], [ 26.40987, 41.6833 ], [ 26.40869, 41.68427 ], [ 26.40806, 41.68676 ], [ 26.40593, 41.68795 ], [ 26.39937, 41.68682 ], [ 26.39156, 41.69003 ], [ 26.38398, 41.6917 ], [ 26.38033, 41.69492 ], [ 26.37725, 41.6963 ], [ 26.37534, 41.70032 ], [ 26.37469, 41.70508 ], [ 26.36962, 41.7089 ], [ 26.36709, 41.70964 ], [ 26.35935, 41.70858 ], [ 26.35162, 41.71027 ], [ 26.35201, 41.71121 ], [ 26.35762, 41.71037 ], [ 26.35771, 41.71405 ], [ 26.32979, 41.73528 ], [ 26.32926, 41.73725 ], [ 26.33024, 41.73889 ], [ 26.3294, 41.74132 ], [ 26.33106, 41.74282 ], [ 26.33042, 41.74632 ], [ 26.33104, 41.74805 ], [ 26.3296, 41.75092 ], [ 26.33155, 41.75503 ], [ 26.33177, 41.75817 ], [ 26.33546, 41.76267 ], [ 26.33539, 41.76368 ], [ 26.33672, 41.76451 ], [ 26.33799, 41.76834 ], [ 26.33703, 41.76949 ], [ 26.33884, 41.77174 ], [ 26.33988, 41.77587 ], [ 26.34221, 41.77718 ], [ 26.34191, 41.77963 ], [ 26.34554, 41.78461 ], [ 26.34596, 41.78678 ], [ 26.34763, 41.78728 ], [ 26.34782, 41.78915 ], [ 26.34988, 41.79029 ], [ 26.35225, 41.79582 ], [ 26.3544, 41.79771 ], [ 26.35416, 41.79852 ], [ 26.35605, 41.79947 ], [ 26.3597, 41.80421 ], [ 26.35979, 41.80532 ], [ 26.36317, 41.80837 ], [ 26.36591, 41.81558 ], [ 26.36873, 41.81886 ], [ 26.36871, 41.82061 ], [ 26.37867, 41.82241 ], [ 26.38355, 41.82252 ], [ 26.5387, 41.82333 ], [ 26.55239, 41.84794 ], [ 26.55574, 41.84887 ], [ 26.56465, 41.85477 ], [ 26.56295, 41.85613 ], [ 26.56331, 41.86138 ], [ 26.56376, 41.86367 ], [ 26.56565, 41.86663 ], [ 26.56847, 41.86879 ], [ 26.5716, 41.86772 ], [ 26.57446, 41.86788 ], [ 26.58058, 41.87174 ], [ 26.58106, 41.87408 ], [ 26.58015, 41.87721 ], [ 26.57803, 41.87866 ], [ 26.57007, 41.88076 ], [ 26.56748, 41.88348 ], [ 26.56721, 41.88664 ], [ 26.57684, 41.8928 ], [ 26.57759, 41.89769 ], [ 26.58178, 41.89969 ], [ 26.58408, 41.90208 ], [ 26.5842, 41.9035 ], [ 26.58192, 41.90545 ], [ 26.57728, 41.90667 ], [ 26.57326, 41.91029 ], [ 26.57249, 41.91192 ], [ 26.5706, 41.91256 ], [ 26.56943, 41.91637 ], [ 26.56266, 41.92318 ], [ 26.56162, 41.92515 ], [ 26.58647, 41.94752 ], [ 26.61892, 41.9656 ], [ 26.61873, 41.96837 ], [ 26.62064, 41.96973 ], [ 26.6211, 41.97336 ], [ 26.62287, 41.97651 ], [ 26.62223, 41.97847 ], [ 26.62345, 41.97987 ], [ 26.62486, 41.97963 ], [ 26.62729, 41.97751 ], [ 26.62999, 41.97713 ], [ 26.63235, 41.97581 ], [ 26.63374, 41.97632 ], [ 26.63677, 41.97283 ], [ 26.64161, 41.97168 ], [ 26.64752, 41.97262 ], [ 26.6573, 41.97047 ], [ 26.65844, 41.96901 ], [ 26.66736, 41.96501 ], [ 26.67362, 41.9691 ], [ 26.68428, 41.96736 ], [ 26.68832, 41.96908 ], [ 26.69073, 41.9684 ], [ 26.69334, 41.96634 ], [ 26.70046, 41.96636 ], [ 26.70382, 41.96529 ], [ 26.7081, 41.96605 ], [ 26.70935, 41.96765 ], [ 26.71226, 41.9684 ], [ 26.72269, 41.96355 ], [ 26.72557, 41.96324 ], [ 26.72878, 41.96079 ], [ 26.74205, 41.96078 ], [ 26.74413, 41.95969 ], [ 26.74641, 41.96034 ], [ 26.75112, 41.95842 ], [ 26.75475, 41.95895 ], [ 26.75727, 41.96807 ], [ 26.75952, 41.9704 ], [ 26.76356, 41.96926 ], [ 26.76733, 41.97438 ], [ 26.77325, 41.97926 ], [ 26.77552, 41.97997 ], [ 26.7791, 41.97899 ], [ 26.78069, 41.98235 ], [ 26.78318, 41.98344 ], [ 26.7852, 41.98736 ], [ 26.78763, 41.98964 ], [ 26.79351, 41.98977 ], [ 26.79236, 41.98647 ], [ 26.79407, 41.98427 ], [ 26.79887, 41.98152 ], [ 26.80475, 41.98015 ], [ 26.80733, 41.97735 ], [ 26.80916, 41.97814 ], [ 26.80944, 41.97584 ], [ 26.8118, 41.97465 ], [ 26.81808, 41.97286 ], [ 26.82556, 41.97277 ], [ 26.82873, 41.97384 ], [ 26.83035, 41.97118 ], [ 26.83286, 41.96922 ], [ 26.83607, 41.97033 ], [ 26.83678, 41.96963 ], [ 26.84265, 41.96917 ], [ 26.84429, 41.97019 ], [ 26.84703, 41.96979 ], [ 26.84629, 41.97379 ], [ 26.84809, 41.98071 ], [ 26.85135, 41.98187 ], [ 26.8522, 41.98357 ], [ 26.85658, 41.98182 ], [ 26.85876, 41.98467 ], [ 26.86255, 41.98538 ], [ 26.86478, 41.98669 ], [ 26.86491, 41.98836 ], [ 26.86869, 41.98895 ], [ 26.87128, 41.99071 ], [ 26.87831, 41.99005 ], [ 26.88547, 41.98769 ], [ 26.88979, 41.98779 ], [ 26.89158, 41.98898 ], [ 26.89379, 41.98773 ], [ 26.89884, 41.98804 ], [ 26.90186, 41.98722 ], [ 26.90405, 41.98899 ], [ 26.90782, 41.98933 ], [ 26.91077, 41.99075 ], [ 26.91368, 41.99506 ], [ 26.92166, 41.99436 ], [ 26.9235, 41.99648 ], [ 26.92425, 41.99902 ], [ 26.92723, 42.00133 ], [ 26.92969, 42.00107 ], [ 26.93158, 42.00188 ], [ 26.93353, 42.00129 ] ] ] } },
{ "type": "Feature", "properties": { "name": "KANLICA" }, "geometry": { "type": "MultiPolygon", "coordinates": [ [ [ [ 29.12871, 40.87495 ], [ 29.13208, 40.87467 ], [ 29.13241, 40.87523 ], [ 29.13673, 40.87426 ], [ 29.13731, 40.87366 ], [ 29.1356, 40.87414 ], [ 29.13668, 40.87294 ], [ 29.13765, 40.873 ], [ 29.13901, 40.86984 ], [ 29.13083, 40.86022 ], [ 29.12607, 40.85728 ], [ 29.12513, 40.85358 ], [ 29.12658, 40.84625 ], [ 29.12425, 40.84388 ], [ 29.12479, 40.84299 ], [ 29.12411, 40.84173 ], [ 29.12505, 40.83996 ], [ 29.1242, 40.83731 ], [ 29.12247, 40.83856 ], [ 29.1142, 40.83836 ], [ 29.11271, 40.83917 ], [ 29.11298, 40.84033 ], [ 29.11209, 40.84163 ], [ 29.10993, 40.84189 ], [ 29.11399, 40.84482 ], [ 29.11466, 40.84642 ], [ 29.11296, 40.85056 ], [ 29.11031, 40.85382 ], [ 29.11192, 40.85539 ], [ 29.11146, 40.85786 ], [ 29.11271, 40.85824 ], [ 29.11237, 40.85916 ], [ 29.11316, 40.85967 ], [ 29.10782, 40.86036 ], [ 29.10736, 40.86139 ], [ 29.11286, 40.86145 ], [ 29.11463, 40.86227 ], [ 29.11539, 40.86467 ], [ 29.11392, 40.86693 ], [ 29.11525, 40.86851 ], [ 29.11536, 40.87079 ], [ 29.12288, 40.8724 ], [ 29.12553, 40.8737 ], [ 29.1255, 40.87472 ], [ 29.12568, 40.87402 ], [ 29.12813, 40.87473 ], [ 29.12765, 40.87606 ], [ 29.12871, 40.87495 ] ] ], [ [ [ 29.0931, 40.88491 ], [ 29.09867, 40.88377 ], [ 29.10013, 40.88131 ], [ 29.09924, 40.88013 ], [ 29.10417, 40.87399 ], [ 29.10262, 40.87537 ], [ 29.10152, 40.87469 ], [ 29.1023, 40.87422 ], [ 29.1015, 40.87355 ], [ 29.10262, 40.87292 ], [ 29.10391, 40.87342 ], [ 29.10017, 40.87195 ], [ 29.09745, 40.8695 ], [ 29.09478, 40.86905 ], [ 29.09193, 40.8694 ], [ 29.08704, 40.86813 ], [ 29.08713, 40.86932 ], [ 29.08839, 40.87051 ], [ 29.08558, 40.87167 ], [ 29.08247, 40.87051 ], [ 29.08318, 40.86742 ], [ 29.07629, 40.8681 ], [ 29.07482, 40.86888 ], [ 29.07598, 40.87059 ], [ 29.07582, 40.87189 ], [ 29.07481, 40.87252 ], [ 29.07699, 40.875 ], [ 29.08658, 40.87809 ], [ 29.09047, 40.88077 ], [ 29.09056, 40.88154 ], [ 29.08874, 40.88253 ], [ 29.08887, 40.88316 ], [ 29.09097, 40.88329 ], [ 29.0931, 40.88491 ] ] ], [ [ [ 29.05522, 40.88619 ], [ 29.05991, 40.88651 ], [ 29.06109, 40.88524 ], [ 29.06955, 40.8846 ], [ 29.06884, 40.88222 ], [ 29.07079, 40.88098 ], [ 29.06983, 40.88103 ], [ 29.06974, 40.8803 ], [ 29.07257, 40.87914 ], [ 29.07092, 40.87919 ], [ 29.06856, 40.87583 ], [ 29.06391, 40.87395 ], [ 29.05394, 40.87609 ], [ 29.0532, 40.87798 ], [ 29.05236, 40.87805 ], [ 29.05226, 40.87822 ], [ 29.05396, 40.8792 ], [ 29.05467, 40.88128 ], [ 29.05727, 40.88292 ], [ 29.05724, 40.88436 ], [ 29.05522, 40.88619 ] ] ], [ [ [ 29.05182, 40.91445 ], [ 29.0503, 40.9141 ], [ 29.05311, 40.9135 ], [ 29.05601, 40.91075 ], [ 29.05538, 40.90916 ], [ 29.05724, 40.90668 ], [ 29.05685, 40.90535 ], [ 29.05375, 40.90316 ], [ 29.04552, 40.9026 ], [ 29.04503, 40.90387 ], [ 29.04591, 40.90525 ], [ 29.04167, 40.90788 ], [ 29.03922, 40.9119 ], [ 29.04329, 40.91396 ], [ 29.05182, 40.91445 ] ] ], [ [ [ 29.2572, 41.23359 ], [ 29.25676, 41.23212 ], [ 29.25766, 41.2306 ], [ 29.26531, 41.23131 ], [ 29.26558, 41.23034 ], [ 29.2673, 41.23004 ], [ 29.26779, 41.22853 ], [ 29.27062, 41.22978 ], [ 29.27185, 41.22808 ], [ 29.27812, 41.22785 ], [ 29.28291, 41.22481 ], [ 29.2865, 41.22435 ], [ 29.28889, 41.223 ], [ 29.29471, 41.2217 ], [ 29.29734, 41.22245 ], [ 29.30506, 41.22059 ], [ 29.31086, 41.2207 ], [ 29.3131, 41.2195 ], [ 29.31568, 41.2194 ], [ 29.31861, 41.21747 ], [ 29.32577, 41.21647 ], [ 29.32748, 41.21716 ], [ 29.32796, 41.21616 ], [ 29.33006, 41.21665 ], [ 29.33, 41.21582 ], [ 29.33148, 41.21528 ], [ 29.32903, 41.21105 ], [ 29.3305, 41.20976 ], [ 29.33207, 41.20622 ], [ 29.33109, 41.20502 ], [ 29.33152, 41.2036 ], [ 29.32202, 41.19399 ], [ 29.32124, 41.18661 ], [ 29.32409, 41.18615 ], [ 29.32425, 41.185 ], [ 29.32688, 41.1827 ], [ 29.32361, 41.17454 ], [ 29.3189, 41.17208 ], [ 29.31954, 41.17078 ], [ 29.3231, 41.16809 ], [ 29.32146, 41.16584 ], [ 29.32845, 41.16334 ], [ 29.32907, 41.16051 ], [ 29.32832, 41.1576 ], [ 29.33131, 41.15875 ], [ 29.33817, 41.15936 ], [ 29.34424, 41.15539 ], [ 29.34457, 41.15113 ], [ 29.34718, 41.15252 ], [ 29.35082, 41.15309 ], [ 29.35636, 41.14958 ], [ 29.35568, 41.14852 ], [ 29.35598, 41.14693 ], [ 29.35353, 41.14295 ], [ 29.35841, 41.14285 ], [ 29.35995, 41.14151 ], [ 29.36248, 41.14182 ], [ 29.36392, 41.14055 ], [ 29.36519, 41.13417 ], [ 29.36112, 41.12707 ], [ 29.36368, 41.12634 ], [ 29.36676, 41.12345 ], [ 29.37242, 41.12569 ], [ 29.37807, 41.12293 ], [ 29.37989, 41.12132 ], [ 29.38247, 41.10878 ], [ 29.38407, 41.10882 ], [ 29.38703, 41.10642 ], [ 29.38995, 41.10541 ], [ 29.3913, 41.10275 ], [ 29.39832, 41.09984 ], [ 29.40141, 41.10008 ], [ 29.39951, 41.09516 ], [ 29.39741, 41.09416 ], [ 29.39416, 41.0942 ], [ 29.39092, 41.08887 ], [ 29.39306, 41.08876 ], [ 29.39461, 41.0867 ], [ 29.394, 41.08526 ], [ 29.39013, 41.08346 ], [ 29.38998, 41.079 ], [ 29.39498, 41.07745 ], [ 29.39347, 41.07702 ], [ 29.39245, 41.07552 ], [ 29.39464, 41.07505 ], [ 29.39525, 41.07639 ], [ 29.39664, 41.07587 ], [ 29.39512, 41.07596 ], [ 29.39624, 41.07491 ], [ 29.39442, 41.07443 ], [ 29.39362, 41.07321 ], [ 29.39194, 41.07315 ], [ 29.39073, 41.07403 ], [ 29.38881, 41.0733 ], [ 29.39089, 41.07186 ], [ 29.39038, 41.07071 ], [ 29.391, 41.07023 ], [ 29.38908, 41.07009 ], [ 29.38807, 41.06903 ], [ 29.3889, 41.0661 ], [ 29.39051, 41.06595 ], [ 29.3897, 41.06511 ], [ 29.39049, 41.06386 ], [ 29.38714, 41.06444 ], [ 29.38701, 41.06363 ], [ 29.38967, 41.06239 ], [ 29.38782, 41.06149 ], [ 29.38543, 41.05833 ], [ 29.38699, 41.05705 ], [ 29.391, 41.05962 ], [ 29.39041, 41.05775 ], [ 29.3932, 41.0573 ], [ 29.39084, 41.05681 ], [ 29.39128, 41.05554 ], [ 29.38881, 41.05563 ], [ 29.38954, 41.05348 ], [ 29.38864, 41.05311 ], [ 29.38818, 41.05416 ], [ 29.38713, 41.05412 ], [ 29.38479, 41.05237 ], [ 29.38527, 41.05144 ], [ 29.38465, 41.05074 ], [ 29.38669, 41.04941 ], [ 29.38862, 41.05078 ], [ 29.38896, 41.04885 ], [ 29.39041, 41.04885 ], [ 29.39237, 41.05162 ], [ 29.39309, 41.04931 ], [ 29.39443, 41.04994 ], [ 29.3945, 41.05076 ], [ 29.39573, 41.05001 ], [ 29.39773, 41.05121 ], [ 29.39758, 41.05208 ], [ 29.39821, 41.05163 ], [ 29.40058, 41.05265 ], [ 29.39827, 41.05081 ], [ 29.39765, 41.04934 ], [ 29.3988, 41.04706 ], [ 29.39639, 41.04806 ], [ 29.39545, 41.04767 ], [ 29.39633, 41.04689 ], [ 29.39523, 41.04655 ], [ 29.39496, 41.04534 ], [ 29.39398, 41.0469 ], [ 29.39283, 41.04688 ], [ 29.39226, 41.04609 ], [ 29.393, 41.04382 ], [ 29.38986, 41.04551 ], [ 29.38884, 41.04404 ], [ 29.38991, 41.04236 ], [ 29.38889, 41.04165 ], [ 29.38463, 41.04499 ], [ 29.3824, 41.04519 ], [ 29.38269, 41.04472 ], [ 29.38141, 41.04417 ], [ 29.37808, 41.04407 ], [ 29.37875, 41.04284 ], [ 29.37715, 41.04284 ], [ 29.37842, 41.04211 ], [ 29.37762, 41.04174 ], [ 29.37793, 41.04003 ], [ 29.37926, 41.04005 ], [ 29.37936, 41.03946 ], [ 29.38088, 41.0401 ], [ 29.38029, 41.03881 ], [ 29.38103, 41.03844 ], [ 29.38044, 41.03789 ], [ 29.38098, 41.0369 ], [ 29.384, 41.03802 ], [ 29.38189, 41.03564 ], [ 29.38065, 41.03536 ], [ 29.37831, 41.03665 ], [ 29.37835, 41.03541 ], [ 29.38213, 41.03407 ], [ 29.38371, 41.03443 ], [ 29.38315, 41.03309 ], [ 29.38606, 41.03061 ], [ 29.38596, 41.02943 ], [ 29.38853, 41.02983 ], [ 29.38919, 41.02899 ], [ 29.39159, 41.02834 ], [ 29.39251, 41.02902 ], [ 29.39315, 41.02826 ], [ 29.3925, 41.03046 ], [ 29.39357, 41.02996 ], [ 29.39406, 41.03091 ], [ 29.39489, 41.02854 ], [ 29.39566, 41.02869 ], [ 29.39634, 41.02727 ], [ 29.39812, 41.02955 ], [ 29.39764, 41.03179 ], [ 29.39805, 41.03282 ], [ 29.39919, 41.03099 ], [ 29.39938, 41.02893 ], [ 29.3983, 41.02712 ], [ 29.39914, 41.02671 ], [ 29.40102, 41.02847 ], [ 29.40078, 41.03089 ], [ 29.40104, 41.03181 ], [ 29.40169, 41.03223 ], [ 29.4017, 41.03015 ], [ 29.40223, 41.03017 ], [ 29.40167, 41.02934 ], [ 29.40289, 41.02731 ], [ 29.40059, 41.02596 ], [ 29.40179, 41.02541 ], [ 29.40443, 41.02537 ], [ 29.40626, 41.02755 ], [ 29.4065, 41.0254 ], [ 29.40914, 41.02825 ], [ 29.40938, 41.02767 ], [ 29.41064, 41.02808 ], [ 29.41128, 41.03003 ], [ 29.41073, 41.03188 ], [ 29.41187, 41.03362 ], [ 29.41132, 41.03493 ], [ 29.41176, 41.03544 ], [ 29.41254, 41.03393 ], [ 29.41198, 41.03225 ], [ 29.41267, 41.02829 ], [ 29.41438, 41.02953 ], [ 29.41483, 41.02884 ], [ 29.41425, 41.0279 ], [ 29.41569, 41.02714 ], [ 29.41655, 41.02752 ], [ 29.41896, 41.02524 ], [ 29.41912, 41.0265 ], [ 29.421, 41.0273 ], [ 29.42125, 41.02932 ], [ 29.42182, 41.02767 ], [ 29.42064, 41.02417 ], [ 29.4222, 41.02405 ], [ 29.42259, 41.02711 ], [ 29.42902, 41.02803 ], [ 29.42918, 41.02707 ], [ 29.4314, 41.02537 ], [ 29.42915, 41.02473 ], [ 29.42522, 41.02553 ], [ 29.42421, 41.02277 ], [ 29.42814, 41.02132 ], [ 29.43189, 41.02104 ], [ 29.43189, 41.01928 ], [ 29.43343, 41.01855 ], [ 29.43147, 41.01855 ], [ 29.43097, 41.01811 ], [ 29.43155, 41.01757 ], [ 29.43033, 41.01787 ], [ 29.42904, 41.01511 ], [ 29.43038, 41.01451 ], [ 29.43319, 41.015 ], [ 29.43406, 41.01462 ], [ 29.435, 41.01226 ], [ 29.43646, 41.01212 ], [ 29.43422, 41.01035 ], [ 29.43417, 41.00867 ], [ 29.43624, 41.01061 ], [ 29.43824, 41.00952 ], [ 29.43456, 41.00268 ], [ 29.44011, 40.99959 ], [ 29.43996, 40.99705 ], [ 29.44158, 40.99626 ], [ 29.44559, 40.99826 ], [ 29.44929, 40.99871 ], [ 29.45313, 41.00219 ], [ 29.46634, 41.00863 ], [ 29.47111, 41.01334 ], [ 29.47651, 41.01639 ], [ 29.47612, 41.0177 ], [ 29.48171, 41.02018 ], [ 29.48427, 41.02498 ], [ 29.48396, 41.02992 ], [ 29.4956, 41.03473 ], [ 29.49753, 41.03165 ], [ 29.50012, 41.03262 ], [ 29.50087, 41.03175 ], [ 29.49968, 41.02663 ], [ 29.50122, 41.02317 ], [ 29.49957, 41.01747 ], [ 29.49426, 41.01331 ], [ 29.49272, 41.00866 ], [ 29.50234, 41.00066 ], [ 29.50529, 40.99991 ], [ 29.50644, 40.99352 ], [ 29.50556, 40.99246 ], [ 29.50571, 40.98768 ], [ 29.49679, 40.98274 ], [ 29.49005, 40.97697 ], [ 29.4849, 40.97629 ], [ 29.48231, 40.9717 ], [ 29.48548, 40.9673 ], [ 29.48423, 40.96417 ], [ 29.47897, 40.96262 ], [ 29.47709, 40.96104 ], [ 29.46997, 40.95365 ], [ 29.4699, 40.95166 ], [ 29.46377, 40.95443 ], [ 29.46266, 40.95373 ], [ 29.46433, 40.95235 ], [ 29.46311, 40.95137 ], [ 29.46087, 40.95312 ], [ 29.45568, 40.9549 ], [ 29.45564, 40.95326 ], [ 29.45277, 40.95116 ], [ 29.45122, 40.94758 ], [ 29.44369, 40.94411 ], [ 29.43824, 40.94295 ], [ 29.43924, 40.94041 ], [ 29.43876, 40.93673 ], [ 29.43738, 40.93597 ], [ 29.43713, 40.9347 ], [ 29.44067, 40.93389 ], [ 29.44192, 40.93185 ], [ 29.44094, 40.93193 ], [ 29.43874, 40.92858 ], [ 29.43336, 40.92492 ], [ 29.43375, 40.92203 ], [ 29.43692, 40.92126 ], [ 29.44186, 40.92351 ], [ 29.44149, 40.9151 ], [ 29.44569, 40.91648 ], [ 29.44657, 40.9143 ], [ 29.45458, 40.9109 ], [ 29.45254, 40.90868 ], [ 29.44681, 40.90532 ], [ 29.44382, 40.90189 ], [ 29.44374, 40.89976 ], [ 29.44043, 40.89835 ], [ 29.43819, 40.89625 ], [ 29.42935, 40.89432 ], [ 29.42717, 40.88973 ], [ 29.42569, 40.8884 ], [ 29.42411, 40.88413 ], [ 29.41637, 40.88111 ], [ 29.41603, 40.87933 ], [ 29.41399, 40.87951 ], [ 29.41258, 40.8811 ], [ 29.40299, 40.87995 ], [ 29.40224, 40.88004 ], [ 29.40215, 40.88107 ], [ 29.39735, 40.87825 ], [ 29.38822, 40.8769 ], [ 29.38449, 40.87428 ], [ 29.38014, 40.87315 ], [ 29.3787, 40.87144 ], [ 29.37324, 40.87078 ], [ 29.37038, 40.8712 ], [ 29.36684, 40.86993 ], [ 29.36312, 40.86706 ], [ 29.36489, 40.86619 ], [ 29.36299, 40.86596 ], [ 29.35917, 40.86306 ], [ 29.35984, 40.86175 ], [ 29.35877, 40.86074 ], [ 29.35928, 40.85762 ], [ 29.36464, 40.856 ], [ 29.36815, 40.8559 ], [ 29.36438, 40.85319 ], [ 29.36285, 40.84906 ], [ 29.36646, 40.84247 ], [ 29.37027, 40.83767 ], [ 29.36942, 40.83404 ], [ 29.36605, 40.83146 ], [ 29.36407, 40.82763 ], [ 29.36523, 40.82732 ], [ 29.36434, 40.81908 ], [ 29.36343, 40.81696 ], [ 29.3618, 40.81596 ], [ 29.36239, 40.81529 ], [ 29.36172, 40.81227 ], [ 29.3592, 40.80792 ], [ 29.3558, 40.806 ], [ 29.34899, 40.80475 ], [ 29.34484, 40.80544 ], [ 29.34039, 40.81047 ], [ 29.33591, 40.81265 ], [ 29.33609, 40.81133 ], [ 29.33466, 40.81413 ], [ 29.32565, 40.81825 ], [ 29.32495, 40.8171 ], [ 29.32506, 40.81833 ], [ 29.32047, 40.81945 ], [ 29.31555, 40.81778 ], [ 29.31379, 40.81526 ], [ 29.31503, 40.81542 ], [ 29.31454, 40.81452 ], [ 29.30976, 40.81142 ], [ 29.30795, 40.81157 ], [ 29.30242, 40.81466 ], [ 29.30175, 40.81577 ], [ 29.29738, 40.81651 ], [ 29.29396, 40.81564 ], [ 29.29329, 40.81408 ], [ 29.29425, 40.81292 ], [ 29.29741, 40.81167 ], [ 29.28774, 40.81387 ], [ 29.28488, 40.81231 ], [ 29.27735, 40.81417 ], [ 29.27083, 40.81156 ], [ 29.26796, 40.81202 ], [ 29.26519, 40.81147 ], [ 29.26413, 40.80984 ], [ 29.26475, 40.80944 ], [ 29.26205, 40.80996 ], [ 29.26165, 40.80882 ], [ 29.26433, 40.80825 ], [ 29.26498, 40.80932 ], [ 29.26526, 40.80928 ], [ 29.26397, 40.80762 ], [ 29.26367, 40.80498 ], [ 29.2569, 40.80273 ], [ 29.25736, 40.80395 ], [ 29.25677, 40.80498 ], [ 29.25878, 40.80755 ], [ 29.25629, 40.81218 ], [ 29.25472, 40.81354 ], [ 29.25474, 40.81464 ], [ 29.25793, 40.8144 ], [ 29.26323, 40.81861 ], [ 29.26585, 40.81902 ], [ 29.26429, 40.81859 ], [ 29.26196, 40.81641 ], [ 29.26407, 40.81501 ], [ 29.26737, 40.81514 ], [ 29.26882, 40.81685 ], [ 29.26919, 40.81935 ], [ 29.27049, 40.82023 ], [ 29.27522, 40.82052 ], [ 29.27587, 40.82299 ], [ 29.27713, 40.82446 ], [ 29.27813, 40.82441 ], [ 29.27959, 40.82665 ], [ 29.27876, 40.82989 ], [ 29.27707, 40.83172 ], [ 29.27091, 40.83184 ], [ 29.26879, 40.83361 ], [ 29.2669, 40.83409 ], [ 29.2639, 40.83716 ], [ 29.26556, 40.83716 ], [ 29.26669, 40.83514 ], [ 29.26918, 40.83651 ], [ 29.26832, 40.83772 ], [ 29.26609, 40.83797 ], [ 29.26437, 40.83913 ], [ 29.26426, 40.84037 ], [ 29.27006, 40.84602 ], [ 29.27101, 40.85069 ], [ 29.27144, 40.84859 ], [ 29.27038, 40.84576 ], [ 29.26716, 40.84223 ], [ 29.26981, 40.84041 ], [ 29.2696, 40.83913 ], [ 29.27193, 40.83576 ], [ 29.27529, 40.83543 ], [ 29.27814, 40.83376 ], [ 29.284, 40.83931 ], [ 29.28375, 40.84232 ], [ 29.28248, 40.84339 ], [ 29.28533, 40.84217 ], [ 29.28572, 40.84252 ], [ 29.28409, 40.84407 ], [ 29.28511, 40.84353 ], [ 29.2881, 40.84456 ], [ 29.28991, 40.8436 ], [ 29.29136, 40.8454 ], [ 29.29117, 40.84766 ], [ 29.28671, 40.85477 ], [ 29.2862, 40.85518 ], [ 29.28575, 40.85428 ], [ 29.28418, 40.85389 ], [ 29.27821, 40.85605 ], [ 29.27427, 40.85571 ], [ 29.27169, 40.85779 ], [ 29.27145, 40.8569 ], [ 29.26767, 40.85602 ], [ 29.26718, 40.85389 ], [ 29.2667, 40.85448 ], [ 29.26768, 40.8572 ], [ 29.26549, 40.85381 ], [ 29.26078, 40.85499 ], [ 29.25829, 40.85679 ], [ 29.25383, 40.85773 ], [ 29.25227, 40.85895 ], [ 29.25507, 40.85753 ], [ 29.25851, 40.85711 ], [ 29.26478, 40.85997 ], [ 29.25889, 40.86448 ], [ 29.25688, 40.86447 ], [ 29.25568, 40.86287 ], [ 29.25697, 40.86181 ], [ 29.25611, 40.86105 ], [ 29.25683, 40.85993 ], [ 29.25583, 40.85949 ], [ 29.25438, 40.8626 ], [ 29.25541, 40.86278 ], [ 29.25715, 40.86571 ], [ 29.25632, 40.86592 ], [ 29.25707, 40.86595 ], [ 29.25853, 40.86713 ], [ 29.25711, 40.86619 ], [ 29.25635, 40.86616 ], [ 29.25737, 40.86701 ], [ 29.23742, 40.87506 ], [ 29.23439, 40.87419 ], [ 29.23552, 40.87336 ], [ 29.23574, 40.87206 ], [ 29.23309, 40.87135 ], [ 29.23506, 40.86932 ], [ 29.23945, 40.86778 ], [ 29.23503, 40.86895 ], [ 29.23274, 40.87118 ], [ 29.22806, 40.87072 ], [ 29.22633, 40.87146 ], [ 29.22192, 40.87582 ], [ 29.20607, 40.88199 ], [ 29.20657, 40.88131 ], [ 29.20547, 40.88259 ], [ 29.204, 40.8822 ], [ 29.20433, 40.88285 ], [ 29.20361, 40.8832 ], [ 29.20189, 40.88265 ], [ 29.19789, 40.88344 ], [ 29.19123, 40.88623 ], [ 29.19261, 40.88501 ], [ 29.1915, 40.88516 ], [ 29.19041, 40.8864 ], [ 29.18828, 40.88703 ], [ 29.18391, 40.88522 ], [ 29.1796, 40.88566 ], [ 29.17729, 40.88692 ], [ 29.17401, 40.89054 ], [ 29.15939, 40.89869 ], [ 29.15442, 40.90085 ], [ 29.15184, 40.90092 ], [ 29.15163, 40.90167 ], [ 29.14802, 40.90155 ], [ 29.14795, 40.90053 ], [ 29.14357, 40.9021 ], [ 29.13367, 40.91057 ], [ 29.127, 40.91953 ], [ 29.12759, 40.91974 ], [ 29.12697, 40.92073 ], [ 29.12236, 40.92442 ], [ 29.12298, 40.92519 ], [ 29.11819, 40.93079 ], [ 29.11726, 40.93147 ], [ 29.11676, 40.93098 ], [ 29.11565, 40.93252 ], [ 29.1146, 40.93192 ], [ 29.11523, 40.93286 ], [ 29.11376, 40.93209 ], [ 29.11548, 40.9332 ], [ 29.11527, 40.93406 ], [ 29.11066, 40.93857 ], [ 29.11051, 40.93978 ], [ 29.10852, 40.94197 ], [ 29.10563, 40.94356 ], [ 29.10356, 40.94407 ], [ 29.10544, 40.94245 ], [ 29.10369, 40.94343 ], [ 29.09928, 40.9485 ], [ 29.09473, 40.95193 ], [ 29.09134, 40.95209 ], [ 29.09069, 40.95147 ], [ 29.0946, 40.95019 ], [ 29.0935, 40.94999 ], [ 29.08883, 40.95147 ], [ 29.08946, 40.95214 ], [ 29.08725, 40.95443 ], [ 29.08415, 40.9543 ], [ 29.08375, 40.95352 ], [ 29.08474, 40.95297 ], [ 29.08157, 40.95326 ], [ 29.0793, 40.95499 ], [ 29.0779, 40.95508 ], [ 29.07834, 40.9557 ], [ 29.07672, 40.95669 ], [ 29.07539, 40.95699 ], [ 29.07516, 40.95634 ], [ 29.0704, 40.95868 ], [ 29.07126, 40.95875 ], [ 29.07062, 40.9606 ], [ 29.06848, 40.96247 ], [ 29.06508, 40.96279 ], [ 29.06235, 40.96193 ], [ 29.05757, 40.96303 ], [ 29.05855, 40.96361 ], [ 29.0572, 40.96433 ], [ 29.0565, 40.96364 ], [ 29.0535, 40.96615 ], [ 29.05416, 40.96645 ], [ 29.05304, 40.9676 ], [ 29.05164, 40.96791 ], [ 29.05155, 40.96739 ], [ 29.04786, 40.96933 ], [ 29.04572, 40.96943 ], [ 29.04437, 40.96678 ], [ 29.04204, 40.9654 ], [ 29.04023, 40.96596 ], [ 29.03999, 40.96785 ], [ 29.03681, 40.96906 ], [ 29.03448, 40.9663 ], [ 29.03166, 40.96721 ], [ 29.03239, 40.96964 ], [ 29.03399, 40.96952 ], [ 29.03269, 40.97123 ], [ 29.03395, 40.971 ], [ 29.03371, 40.97364 ], [ 29.03438, 40.97402 ], [ 29.03413, 40.97097 ], [ 29.03516, 40.97109 ], [ 29.03653, 40.96931 ], [ 29.03836, 40.97085 ], [ 29.03729, 40.97421 ], [ 29.03533, 40.97375 ], [ 29.03588, 40.97413 ], [ 29.03479, 40.97648 ], [ 29.03617, 40.97422 ], [ 29.03984, 40.97545 ], [ 29.03975, 40.9761 ], [ 29.03821, 40.97568 ], [ 29.03806, 40.97601 ], [ 29.03942, 40.97631 ], [ 29.03894, 40.97764 ], [ 29.03628, 40.97678 ], [ 29.03628, 40.9774 ], [ 29.03853, 40.97818 ], [ 29.03465, 40.98171 ], [ 29.03375, 40.98136 ], [ 29.0345, 40.98264 ], [ 29.03471, 40.98701 ], [ 29.03402, 40.98272 ], [ 29.03232, 40.9807 ], [ 29.02802, 40.97926 ], [ 29.02511, 40.97966 ], [ 29.02546, 40.97916 ], [ 29.02509, 40.97874 ], [ 29.02461, 40.97951 ], [ 29.0219, 40.97851 ], [ 29.02005, 40.98073 ], [ 29.02036, 40.98434 ], [ 29.01967, 40.98597 ], [ 29.01497, 40.99258 ], [ 29.01773, 40.9913 ], [ 29.02049, 40.99121 ], [ 29.02341, 40.9924 ], [ 29.02267, 40.99289 ], [ 29.02402, 40.99297 ], [ 29.02419, 40.99425 ], [ 29.02251, 40.99639 ], [ 29.01874, 40.99555 ], [ 29.01783, 40.99633 ], [ 29.01884, 40.99721 ], [ 29.01558, 41.00064 ], [ 29.01175, 41.00097 ], [ 29.01057, 41.00267 ], [ 29.01357, 41.00258 ], [ 29.01257, 41.00453 ], [ 29.00852, 41.0049 ], [ 29.00685, 41.00734 ], [ 29.01053, 41.00734 ], [ 29.00936, 41.00899 ], [ 29.00755, 41.00946 ], [ 29.00647, 41.01111 ], [ 29.00814, 41.00951 ], [ 29.00983, 41.0092 ], [ 29.01023, 41.01054 ], [ 29.00924, 41.01105 ], [ 29.0105, 41.01114 ], [ 29.00996, 41.01195 ], [ 29.01081, 41.01167 ], [ 29.01122, 41.01238 ], [ 29.01014, 41.01305 ], [ 29.00955, 41.01388 ], [ 29.01124, 41.013 ], [ 29.01075, 41.01577 ], [ 29.00823, 41.01796 ], [ 29.00876, 41.0192 ], [ 29.00655, 41.02149 ], [ 29.007, 41.0234 ], [ 29.0085, 41.02514 ], [ 29.01078, 41.02614 ], [ 29.01362, 41.02584 ], [ 29.01784, 41.03014 ], [ 29.02283, 41.03248 ], [ 29.03143, 41.03826 ], [ 29.04074, 41.04352 ], [ 29.05234, 41.04853 ], [ 29.05242, 41.05034 ], [ 29.05136, 41.05202 ], [ 29.05194, 41.05564 ], [ 29.05323, 41.0574 ], [ 29.05241, 41.06153 ], [ 29.0571, 41.06679 ], [ 29.0554, 41.07346 ], [ 29.0562, 41.07442 ], [ 29.05843, 41.07446 ], [ 29.06371, 41.07637 ], [ 29.06442, 41.07764 ], [ 29.06635, 41.07692 ], [ 29.06427, 41.07815 ], [ 29.06537, 41.08072 ], [ 29.06768, 41.08187 ], [ 29.06595, 41.08195 ], [ 29.06691, 41.08474 ], [ 29.06568, 41.08845 ], [ 29.06627, 41.09139 ], [ 29.06556, 41.09294 ], [ 29.06746, 41.09445 ], [ 29.0651, 41.09561 ], [ 29.06436, 41.09768 ], [ 29.0662, 41.10271 ], [ 29.07331, 41.10697 ], [ 29.07796, 41.10764 ], [ 29.08135, 41.10703 ], [ 29.08336, 41.10771 ], [ 29.08197, 41.10782 ], [ 29.0823, 41.10949 ], [ 29.08782, 41.11498 ], [ 29.09482, 41.11687 ], [ 29.09658, 41.1184 ], [ 29.09769, 41.1254 ], [ 29.09192, 41.1319 ], [ 29.09161, 41.13423 ], [ 29.08458, 41.13707 ], [ 29.08038, 41.13683 ], [ 29.07944, 41.13739 ], [ 29.07949, 41.13851 ], [ 29.0781, 41.13887 ], [ 29.07882, 41.13965 ], [ 29.07263, 41.14145 ], [ 29.07124, 41.14316 ], [ 29.07372, 41.14679 ], [ 29.07278, 41.14779 ], [ 29.07403, 41.14716 ], [ 29.07441, 41.14851 ], [ 29.07504, 41.14821 ], [ 29.0748, 41.14896 ], [ 29.07523, 41.14837 ], [ 29.07788, 41.15448 ], [ 29.07722, 41.15551 ], [ 29.07774, 41.15527 ], [ 29.07767, 41.15615 ], [ 29.07593, 41.15854 ], [ 29.0723, 41.16115 ], [ 29.07285, 41.16333 ], [ 29.07495, 41.16643 ], [ 29.08156, 41.16753 ], [ 29.08658, 41.17006 ], [ 29.08826, 41.17332 ], [ 29.08715, 41.17488 ], [ 29.08681, 41.17863 ], [ 29.09131, 41.18052 ], [ 29.09969, 41.18084 ], [ 29.10253, 41.1819 ], [ 29.10631, 41.18078 ], [ 29.10728, 41.18316 ], [ 29.10888, 41.18398 ], [ 29.11087, 41.18416 ], [ 29.11288, 41.18322 ], [ 29.11242, 41.18481 ], [ 29.11395, 41.18494 ], [ 29.11544, 41.18669 ], [ 29.11769, 41.18692 ], [ 29.11838, 41.18782 ], [ 29.11779, 41.18863 ], [ 29.11946, 41.19149 ], [ 29.11898, 41.19453 ], [ 29.12012, 41.19671 ], [ 29.11838, 41.19895 ], [ 29.11838, 41.20031 ], [ 29.12358, 41.20227 ], [ 29.12602, 41.20248 ], [ 29.12752, 41.20162 ], [ 29.13038, 41.2027 ], [ 29.1316, 41.20566 ], [ 29.12951, 41.20752 ], [ 29.12679, 41.2056 ], [ 29.12735, 41.2046 ], [ 29.12593, 41.20532 ], [ 29.12989, 41.20847 ], [ 29.13283, 41.2084 ], [ 29.13324, 41.20935 ], [ 29.13511, 41.20902 ], [ 29.13758, 41.21145 ], [ 29.14173, 41.21308 ], [ 29.14749, 41.21213 ], [ 29.14787, 41.21296 ], [ 29.14981, 41.21328 ], [ 29.15182, 41.21492 ], [ 29.15162, 41.21664 ], [ 29.15038, 41.21757 ], [ 29.15136, 41.21867 ], [ 29.1542, 41.21955 ], [ 29.1622, 41.21723 ], [ 29.16209, 41.21973 ], [ 29.16302, 41.21991 ], [ 29.16319, 41.22193 ], [ 29.16477, 41.22436 ], [ 29.16819, 41.22435 ], [ 29.1689, 41.22495 ], [ 29.17236, 41.22441 ], [ 29.17376, 41.22266 ], [ 29.17583, 41.22174 ], [ 29.17764, 41.22251 ], [ 29.18538, 41.22085 ], [ 29.19743, 41.22039 ], [ 29.20093, 41.22216 ], [ 29.19938, 41.22343 ], [ 29.19972, 41.22401 ], [ 29.20157, 41.22375 ], [ 29.2016, 41.22229 ], [ 29.20359, 41.22149 ], [ 29.20751, 41.2216 ], [ 29.21349, 41.22333 ], [ 29.21678, 41.22608 ], [ 29.21371, 41.22999 ], [ 29.21497, 41.23104 ], [ 29.21853, 41.23139 ], [ 29.21953, 41.22912 ], [ 29.22291, 41.22934 ], [ 29.22276, 41.23009 ], [ 29.22374, 41.23065 ], [ 29.22895, 41.22828 ], [ 29.2328, 41.22885 ], [ 29.2326, 41.2299 ], [ 29.23408, 41.23013 ], [ 29.23546, 41.22885 ], [ 29.23795, 41.22949 ], [ 29.24136, 41.22802 ], [ 29.24403, 41.22933 ], [ 29.2455, 41.23191 ], [ 29.24997, 41.23294 ], [ 29.25154, 41.23404 ], [ 29.25564, 41.23454 ], [ 29.2572, 41.23359 ] ], [ [ 29.22896, 41.1392 ], [ 29.21717, 41.13718 ], [ 29.21534, 41.13823 ], [ 29.21173, 41.13596 ], [ 29.2072, 41.13519 ], [ 29.2046, 41.13213 ], [ 29.19941, 41.13332 ], [ 29.19674, 41.1354 ], [ 29.19356, 41.13175 ], [ 29.1911, 41.13071 ], [ 29.18891, 41.1312 ], [ 29.18654, 41.13049 ], [ 29.18594, 41.13209 ], [ 29.18457, 41.13244 ], [ 29.17588, 41.13143 ], [ 29.17346, 41.13299 ], [ 29.16912, 41.1319 ], [ 29.16537, 41.12982 ], [ 29.16086, 41.12329 ], [ 29.1576, 41.12018 ], [ 29.15823, 41.11846 ], [ 29.15777, 41.11505 ], [ 29.15917, 41.10997 ], [ 29.16058, 41.10863 ], [ 29.16309, 41.10827 ], [ 29.16266, 41.10624 ], [ 29.16874, 41.09932 ], [ 29.16933, 41.09741 ], [ 29.17378, 41.09759 ], [ 29.17607, 41.09627 ], [ 29.17673, 41.0923 ], [ 29.17838, 41.09148 ], [ 29.17958, 41.08902 ], [ 29.17942, 41.0858 ], [ 29.18248, 41.08416 ], [ 29.18778, 41.07817 ], [ 29.19536, 41.07845 ], [ 29.20147, 41.07513 ], [ 29.20359, 41.07535 ], [ 29.20455, 41.07664 ], [ 29.20414, 41.07959 ], [ 29.20669, 41.0841 ], [ 29.20649, 41.08584 ], [ 29.20889, 41.08839 ], [ 29.20824, 41.09228 ], [ 29.21326, 41.09378 ], [ 29.2162, 41.09293 ], [ 29.22233, 41.09651 ], [ 29.22302, 41.0973 ], [ 29.22294, 41.09933 ], [ 29.22132, 41.10131 ], [ 29.22215, 41.10271 ], [ 29.22159, 41.1036 ], [ 29.22305, 41.10491 ], [ 29.23163, 41.10732 ], [ 29.23222, 41.10975 ], [ 29.23424, 41.11036 ], [ 29.23681, 41.10491 ], [ 29.23904, 41.10372 ], [ 29.24414, 41.10426 ], [ 29.24495, 41.10262 ], [ 29.24928, 41.10485 ], [ 29.25054, 41.10776 ], [ 29.24963, 41.10875 ], [ 29.24974, 41.1112 ], [ 29.24869, 41.10981 ], [ 29.24815, 41.11147 ], [ 29.24702, 41.11023 ], [ 29.24278, 41.10888 ], [ 29.24043, 41.11006 ], [ 29.23873, 41.11201 ], [ 29.23606, 41.11282 ], [ 29.2351, 41.11439 ], [ 29.23046, 41.11428 ], [ 29.23073, 41.11564 ], [ 29.22856, 41.11777 ], [ 29.22909, 41.11971 ], [ 29.23153, 41.12259 ], [ 29.23579, 41.12257 ], [ 29.23644, 41.12579 ], [ 29.23655, 41.12673 ], [ 29.23323, 41.1299 ], [ 29.23271, 41.13145 ], [ 29.2346, 41.13612 ], [ 29.2302, 41.13788 ], [ 29.22896, 41.1392 ] ] ] ] } },
{ "type": "Feature", "properties": { "name": "KIRKLARELİ" }, "geometry": { "type": "Polygon", "coordinates": [ [ [ 27.24802, 42.09935 ], [ 27.2528, 42.09797 ], [ 27.2549, 42.0991 ], [ 27.26136, 42.09916 ], [ 27.27048, 42.10398 ], [ 27.27249, 42.10217 ], [ 27.27219, 42.09725 ], [ 27.28307, 42.09485 ], [ 27.28996, 42.09739 ], [ 27.29118, 42.09669 ], [ 27.29356, 42.09736 ], [ 27.29545, 42.09293 ], [ 27.29992, 42.08671 ], [ 27.30138, 42.08717 ], [ 27.30551, 42.08557 ], [ 27.31104, 42.08704 ], [ 27.31357, 42.08491 ], [ 27.31642, 42.07903 ], [ 27.3262, 42.08007 ], [ 27.32671, 42.07261 ], [ 27.32915, 42.07203 ], [ 27.33284, 42.06801 ], [ 27.33564, 42.06682 ], [ 27.33449, 42.06231 ], [ 27.33533, 42.0601 ], [ 27.33868, 42.0602 ], [ 27.34282, 42.05883 ], [ 27.35634, 42.05958 ], [ 27.3615, 42.05779 ], [ 27.36439, 42.05814 ], [ 27.36704, 42.05485 ], [ 27.37054, 42.05305 ], [ 27.3732, 42.04905 ], [ 27.3735, 42.04733 ], [ 27.37724, 42.04612 ], [ 27.37537, 42.04185 ], [ 27.37785, 42.04109 ], [ 27.37602, 42.03892 ], [ 27.38181, 42.03515 ], [ 27.3814, 42.03185 ], [ 27.38385, 42.02179 ], [ 27.39208, 42.01864 ], [ 27.39135, 42.01501 ], [ 27.39347, 42.01291 ], [ 27.39416, 42.00949 ], [ 27.39282, 42.00737 ], [ 27.39437, 42.00496 ], [ 27.40275, 42.00591 ], [ 27.40405, 42.00434 ], [ 27.41232, 42.00031 ], [ 27.41504, 41.99065 ], [ 27.41817, 41.99009 ], [ 27.42028, 41.98846 ], [ 27.42392, 41.9883 ], [ 27.42465, 41.99027 ], [ 27.43289, 41.9908 ], [ 27.43338, 41.98851 ], [ 27.43519, 41.9866 ], [ 27.4345, 41.98328 ], [ 27.43765, 41.9813 ], [ 27.43911, 41.97598 ], [ 27.44014, 41.97492 ], [ 27.44352, 41.97389 ], [ 27.44536, 41.97458 ], [ 27.44642, 41.97405 ], [ 27.44664, 41.96901 ], [ 27.44815, 41.96683 ], [ 27.44939, 41.9668 ], [ 27.45073, 41.96828 ], [ 27.45563, 41.96761 ], [ 27.46363, 41.96881 ], [ 27.467, 41.96698 ], [ 27.46862, 41.96455 ], [ 27.46909, 41.96271 ], [ 27.46834, 41.95871 ], [ 27.47515, 41.95857 ], [ 27.47703, 41.957 ], [ 27.48939, 41.9546 ], [ 27.49027, 41.95197 ], [ 27.49472, 41.95272 ], [ 27.49522, 41.95425 ], [ 27.49684, 41.95477 ], [ 27.49942, 41.95371 ], [ 27.50213, 41.95409 ], [ 27.5024, 41.95275 ], [ 27.50338, 41.95255 ], [ 27.50408, 41.95334 ], [ 27.50465, 41.9582 ], [ 27.50668, 41.95917 ], [ 27.51034, 41.95872 ], [ 27.51322, 41.95627 ], [ 27.51572, 41.95108 ], [ 27.5192, 41.95044 ], [ 27.52462, 41.94121 ], [ 27.52768, 41.93808 ], [ 27.52973, 41.93713 ], [ 27.53177, 41.92747 ], [ 27.5338, 41.9267 ], [ 27.53462, 41.92514 ], [ 27.53733, 41.92312 ], [ 27.53834, 41.92043 ], [ 27.54085, 41.91851 ], [ 27.54102, 41.91631 ], [ 27.5439, 41.91628 ], [ 27.54813, 41.91486 ], [ 27.55107, 41.91119 ], [ 27.5547, 41.91106 ], [ 27.55538, 41.90823 ], [ 27.56033, 41.90477 ], [ 27.55862, 41.90329 ], [ 27.55903, 41.89872 ], [ 27.55741, 41.89815 ], [ 27.5555, 41.89536 ], [ 27.56132, 41.88849 ], [ 27.562, 41.88608 ], [ 27.56074, 41.88309 ], [ 27.555, 41.88135 ], [ 27.5592, 41.87733 ], [ 27.55927, 41.87636 ], [ 27.55597, 41.87508 ], [ 27.55208, 41.87186 ], [ 27.55251, 41.86975 ], [ 27.55521, 41.86918 ], [ 27.55666, 41.86669 ], [ 27.55792, 41.86705 ], [ 27.5602, 41.86612 ], [ 27.55828, 41.86338 ], [ 27.55409, 41.86228 ], [ 27.55402, 41.86006 ], [ 27.55291, 41.85951 ], [ 27.55383, 41.8579 ], [ 27.55307, 41.85669 ], [ 27.55393, 41.85512 ], [ 27.55288, 41.85436 ], [ 27.55126, 41.8547 ], [ 27.55221, 41.85356 ], [ 27.55117, 41.85279 ], [ 27.5513, 41.85142 ], [ 27.55028, 41.85003 ], [ 27.55123, 41.84984 ], [ 27.55111, 41.84892 ], [ 27.55365, 41.84756 ], [ 27.55414, 41.84641 ], [ 27.55094, 41.84534 ], [ 27.55021, 41.84276 ], [ 27.54799, 41.84026 ], [ 27.5466, 41.83975 ], [ 27.5446, 41.84097 ], [ 27.5431, 41.84059 ], [ 27.54005, 41.83617 ], [ 27.53875, 41.83563 ], [ 27.53778, 41.83097 ], [ 27.53633, 41.82842 ], [ 27.52722, 41.82333 ], [ 27.52274, 41.81947 ], [ 27.52286, 41.81886 ], [ 27.52801, 41.81801 ], [ 27.53565, 41.8138 ], [ 27.53662, 41.81263 ], [ 27.53624, 41.81056 ], [ 27.53759, 41.80943 ], [ 27.54252, 41.80915 ], [ 27.54665, 41.80985 ], [ 27.55318, 41.80904 ], [ 27.55498, 41.80782 ], [ 27.56027, 41.80634 ], [ 27.56201, 41.80379 ], [ 27.56424, 41.80265 ], [ 27.56854, 41.80202 ], [ 27.57069, 41.80351 ], [ 27.57375, 41.80357 ], [ 27.57868, 41.80286 ], [ 27.5802, 41.79987 ], [ 27.59034, 41.79472 ], [ 27.58928, 41.79181 ], [ 27.59038, 41.78943 ], [ 27.59031, 41.78552 ], [ 27.59158, 41.78453 ], [ 27.59525, 41.78389 ], [ 27.59821, 41.7813 ], [ 27.60038, 41.7813 ], [ 27.60245, 41.78264 ], [ 27.60989, 41.77887 ], [ 27.6144, 41.7794 ], [ 27.61866, 41.78296 ], [ 27.62116, 41.78291 ], [ 27.62445, 41.77962 ], [ 27.63047, 41.77709 ], [ 27.63321, 41.77496 ], [ 27.6346, 41.77558 ], [ 27.63711, 41.77524 ], [ 27.64157, 41.77139 ], [ 27.64705, 41.77024 ], [ 27.64936, 41.76889 ], [ 27.64975, 41.7663 ], [ 27.65252, 41.76202 ], [ 27.66336, 41.7622 ], [ 27.6678, 41.76136 ], [ 27.67126, 41.75929 ], [ 27.67663, 41.75962 ], [ 27.69372, 41.75223 ], [ 27.69129, 41.75003 ], [ 27.68194, 41.74612 ], [ 27.68475, 41.741 ], [ 27.68095, 41.74323 ], [ 27.67701, 41.74413 ], [ 27.6805, 41.73838 ], [ 27.68219, 41.7301 ], [ 27.67886, 41.73261 ], [ 27.67348, 41.73252 ], [ 27.67212, 41.7305 ], [ 27.66695, 41.72655 ], [ 27.665, 41.72323 ], [ 27.66338, 41.71548 ], [ 27.66389, 41.71435 ], [ 27.66503, 41.71416 ], [ 27.66498, 41.7122 ], [ 27.66197, 41.70292 ], [ 27.664, 41.69973 ], [ 27.66519, 41.69495 ], [ 27.66475, 41.69254 ], [ 27.66551, 41.68429 ], [ 27.66483, 41.67942 ], [ 27.66257, 41.67688 ], [ 27.65945, 41.6762 ], [ 27.65546, 41.67138 ], [ 27.65371, 41.67071 ], [ 27.65059, 41.66653 ], [ 27.64988, 41.66864 ], [ 27.64542, 41.67112 ], [ 27.63971, 41.67144 ], [ 27.63787, 41.67068 ], [ 27.63697, 41.66927 ], [ 27.6376, 41.66731 ], [ 27.63593, 41.66153 ], [ 27.63303, 41.6589 ], [ 27.63151, 41.65595 ], [ 27.62695, 41.65263 ], [ 27.6245, 41.64777 ], [ 27.62465, 41.64383 ], [ 27.62763, 41.64051 ], [ 27.62824, 41.63794 ], [ 27.62339, 41.6312 ], [ 27.62217, 41.62379 ], [ 27.62526, 41.62391 ], [ 27.6292, 41.62628 ], [ 27.64423, 41.62337 ], [ 27.64185, 41.6226 ], [ 27.64005, 41.62007 ], [ 27.63961, 41.61676 ], [ 27.63747, 41.61589 ], [ 27.6374, 41.61488 ], [ 27.63425, 41.61275 ], [ 27.63289, 41.61277 ], [ 27.6304, 41.61125 ], [ 27.62887, 41.60706 ], [ 27.62932, 41.60592 ], [ 27.62825, 41.6054 ], [ 27.62905, 41.60393 ], [ 27.62769, 41.60317 ], [ 27.62688, 41.60094 ], [ 27.62122, 41.60648 ], [ 27.61883, 41.60534 ], [ 27.61479, 41.60505 ], [ 27.61186, 41.60139 ], [ 27.60507, 41.59654 ], [ 27.60457, 41.59541 ], [ 27.60675, 41.59359 ], [ 27.60426, 41.58587 ], [ 27.59088, 41.57125 ], [ 27.59362, 41.56992 ], [ 27.5937, 41.56788 ], [ 27.5977, 41.56736 ], [ 27.59963, 41.56524 ], [ 27.60292, 41.5672 ], [ 27.60586, 41.56652 ], [ 27.60813, 41.56721 ], [ 27.61162, 41.5667 ], [ 27.61945, 41.56795 ], [ 27.61799, 41.56492 ], [ 27.61541, 41.56243 ], [ 27.61331, 41.55813 ], [ 27.60966, 41.54949 ], [ 27.60831, 41.54167 ], [ 27.60573, 41.53877 ], [ 27.60407, 41.53315 ], [ 27.60486, 41.52936 ], [ 27.60394, 41.52682 ], [ 27.6039, 41.51982 ], [ 27.60211, 41.51611 ], [ 27.60477, 41.51261 ], [ 27.60416, 41.50502 ], [ 27.6006, 41.5022 ], [ 27.59928, 41.49943 ], [ 27.59433, 41.49332 ], [ 27.59317, 41.48961 ], [ 27.59081, 41.48747 ], [ 27.58878, 41.48381 ], [ 27.58314, 41.48016 ], [ 27.58414, 41.4771 ], [ 27.58123, 41.47603 ], [ 27.58123, 41.47504 ], [ 27.57881, 41.47214 ], [ 27.58094, 41.46815 ], [ 27.58033, 41.46743 ], [ 27.58155, 41.46591 ], [ 27.58149, 41.46429 ], [ 27.58305, 41.46308 ], [ 27.58509, 41.4579 ], [ 27.58463, 41.45495 ], [ 27.5865, 41.45375 ], [ 27.58527, 41.45103 ], [ 27.58551, 41.44754 ], [ 27.58279, 41.44524 ], [ 27.58316, 41.44251 ], [ 27.58561, 41.44093 ], [ 27.58509, 41.4382 ], [ 27.59729, 41.41756 ], [ 27.5997, 41.4119 ], [ 27.6033, 41.40981 ], [ 27.60167, 41.40743 ], [ 27.60241, 41.40687 ], [ 27.60237, 41.40557 ], [ 27.60124, 41.40538 ], [ 27.59791, 41.40085 ], [ 27.59413, 41.39808 ], [ 27.59455, 41.39561 ], [ 27.59361, 41.39458 ], [ 27.59404, 41.39294 ], [ 27.59337, 41.39275 ], [ 27.5938, 41.3912 ], [ 27.59302, 41.38904 ], [ 27.59521, 41.38841 ], [ 27.59416, 41.38744 ], [ 27.59527, 41.38682 ], [ 27.59687, 41.38815 ], [ 27.60601, 41.38913 ], [ 27.61419, 41.37964 ], [ 27.60814, 41.37617 ], [ 27.60511, 41.36948 ], [ 27.60256, 41.36839 ], [ 27.60086, 41.36621 ], [ 27.59765, 41.3643 ], [ 27.59794, 41.36203 ], [ 27.59694, 41.36198 ], [ 27.59639, 41.36057 ], [ 27.59322, 41.3585 ], [ 27.58906, 41.35415 ], [ 27.58722, 41.34962 ], [ 27.5834, 41.34698 ], [ 27.58031, 41.34272 ], [ 27.57415, 41.33892 ], [ 27.57179, 41.33521 ], [ 27.56824, 41.33175 ], [ 27.57493, 41.32957 ], [ 27.57955, 41.32619 ], [ 27.58095, 41.3247 ], [ 27.58231, 41.32125 ], [ 27.58186, 41.31704 ], [ 27.58066, 41.31484 ], [ 27.57585, 41.31294 ], [ 27.56969, 41.30626 ], [ 27.56964, 41.30097 ], [ 27.56793, 41.29679 ], [ 27.56871, 41.29738 ], [ 27.57065, 41.29709 ], [ 27.56752, 41.29405 ], [ 27.56308, 41.28775 ], [ 27.56442, 41.28562 ], [ 27.57264, 41.28285 ], [ 27.57617, 41.27949 ], [ 27.57179, 41.27709 ], [ 27.57109, 41.27322 ], [ 27.56709, 41.27149 ], [ 27.5643, 41.26868 ], [ 27.56126, 41.26848 ], [ 27.56051, 41.26744 ], [ 27.55753, 41.26682 ], [ 27.55776, 41.26586 ], [ 27.55452, 41.26482 ], [ 27.55365, 41.26337 ], [ 27.55132, 41.26361 ], [ 27.55087, 41.26207 ], [ 27.54903, 41.26237 ], [ 27.54847, 41.26109 ], [ 27.54513, 41.26028 ], [ 27.54363, 41.25845 ], [ 27.54228, 41.25863 ], [ 27.53445, 41.25342 ], [ 27.52543, 41.2492 ], [ 27.52499, 41.24745 ], [ 27.52245, 41.24654 ], [ 27.52142, 41.24466 ], [ 27.51802, 41.24294 ], [ 27.51605, 41.24045 ], [ 27.50958, 41.23811 ], [ 27.50534, 41.23465 ], [ 27.50387, 41.23524 ], [ 27.50118, 41.23487 ], [ 27.49997, 41.23597 ], [ 27.4989, 41.23466 ], [ 27.49655, 41.23409 ], [ 27.49225, 41.23643 ], [ 27.48966, 41.2364 ], [ 27.48412, 41.23894 ], [ 27.48042, 41.23795 ], [ 27.47935, 41.23996 ], [ 27.47645, 41.24098 ], [ 27.47373, 41.24028 ], [ 27.47225, 41.23892 ], [ 27.46857, 41.2403 ], [ 27.45943, 41.23532 ], [ 27.45792, 41.23581 ], [ 27.4548, 41.23918 ], [ 27.44412, 41.23464 ], [ 27.43831, 41.22974 ], [ 27.42954, 41.22592 ], [ 27.41625, 41.23069 ], [ 27.41448, 41.23085 ], [ 27.40971, 41.22922 ], [ 27.40418, 41.23085 ], [ 27.40112, 41.23086 ], [ 27.40009, 41.23435 ], [ 27.39607, 41.23374 ], [ 27.39492, 41.23489 ], [ 27.39352, 41.23505 ], [ 27.39059, 41.23494 ], [ 27.38987, 41.23411 ], [ 27.38818, 41.23498 ], [ 27.3855, 41.23422 ], [ 27.3843, 41.23518 ], [ 27.38238, 41.23468 ], [ 27.37991, 41.23843 ], [ 27.37368, 41.24243 ], [ 27.36981, 41.24388 ], [ 27.37039, 41.24471 ], [ 27.36817, 41.24595 ], [ 27.36605, 41.24644 ], [ 27.3629, 41.24538 ], [ 27.35991, 41.24607 ], [ 27.35782, 41.24481 ], [ 27.35438, 41.24506 ], [ 27.35126, 41.24688 ], [ 27.34758, 41.24697 ], [ 27.34564, 41.24883 ], [ 27.33991, 41.25036 ], [ 27.33574, 41.2532 ], [ 27.33346, 41.25633 ], [ 27.33221, 41.25618 ], [ 27.33074, 41.25817 ], [ 27.32794, 41.25709 ], [ 27.32726, 41.25811 ], [ 27.32126, 41.25924 ], [ 27.32007, 41.261 ], [ 27.31629, 41.26163 ], [ 27.31307, 41.2607 ], [ 27.30612, 41.26195 ], [ 27.30458, 41.26313 ], [ 27.3031, 41.26933 ], [ 27.29839, 41.2779 ], [ 27.29251, 41.28426 ], [ 27.29171, 41.28663 ], [ 27.28798, 41.28877 ], [ 27.28804, 41.29087 ], [ 27.2841, 41.29159 ], [ 27.28131, 41.29501 ], [ 27.27031, 41.29933 ], [ 27.26616, 41.30285 ], [ 27.2658, 41.30477 ], [ 27.26891, 41.30909 ], [ 27.26768, 41.31063 ], [ 27.26348, 41.31268 ], [ 27.25643, 41.31459 ], [ 27.24808, 41.31316 ], [ 27.24535, 41.31521 ], [ 27.23842, 41.31628 ], [ 27.23769, 41.31685 ], [ 27.23826, 41.31761 ], [ 27.23727, 41.31778 ], [ 27.23745, 41.31867 ], [ 27.2364, 41.31869 ], [ 27.23725, 41.31933 ], [ 27.23648, 41.31987 ], [ 27.23656, 41.32224 ], [ 27.23926, 41.32705 ], [ 27.24048, 41.32764 ], [ 27.24045, 41.33015 ], [ 27.23765, 41.32892 ], [ 27.23354, 41.32466 ], [ 27.23185, 41.32416 ], [ 27.22957, 41.32574 ], [ 27.22707, 41.32999 ], [ 27.22105, 41.33665 ], [ 27.21463, 41.33762 ], [ 27.21189, 41.33967 ], [ 27.21024, 41.34555 ], [ 27.20794, 41.34791 ], [ 27.20425, 41.35056 ], [ 27.19833, 41.35104 ], [ 27.19789, 41.35258 ], [ 27.19663, 41.35265 ], [ 27.19607, 41.35472 ], [ 27.19502, 41.35504 ], [ 27.19129, 41.35358 ], [ 27.18518, 41.35342 ], [ 27.18375, 41.35227 ], [ 27.18027, 41.35254 ], [ 27.1781, 41.35447 ], [ 27.17412, 41.35568 ], [ 27.17088, 41.35529 ], [ 27.16116, 41.35629 ], [ 27.15876, 41.35855 ], [ 27.15602, 41.35901 ], [ 27.15427, 41.359 ], [ 27.15156, 41.35725 ], [ 27.15187, 41.35601 ], [ 27.15376, 41.3551 ], [ 27.15602, 41.35515 ], [ 27.15993, 41.35141 ], [ 27.16263, 41.35059 ], [ 27.17363, 41.35191 ], [ 27.18002, 41.35094 ], [ 27.18139, 41.34735 ], [ 27.18016, 41.34671 ], [ 27.18085, 41.34632 ], [ 27.18067, 41.34435 ], [ 27.17761, 41.3402 ], [ 27.17904, 41.33907 ], [ 27.18063, 41.33566 ], [ 27.18592, 41.33546 ], [ 27.18841, 41.3334 ], [ 27.18898, 41.33031 ], [ 27.19238, 41.32638 ], [ 27.19468, 41.3219 ], [ 27.19235, 41.31919 ], [ 27.1908, 41.31891 ], [ 27.18959, 41.32061 ], [ 27.18836, 41.32093 ], [ 27.18803, 41.32461 ], [ 27.18468, 41.32869 ], [ 27.17428, 41.32935 ], [ 27.16964, 41.32835 ], [ 27.16821, 41.32709 ], [ 27.16625, 41.32323 ], [ 27.16547, 41.31541 ], [ 27.16758, 41.31318 ], [ 27.17478, 41.3118 ], [ 27.17791, 41.3088 ], [ 27.18201, 41.3076 ], [ 27.18158, 41.30504 ], [ 27.17457, 41.30392 ], [ 27.16823, 41.30485 ], [ 27.16186, 41.3039 ], [ 27.15892, 41.30445 ], [ 27.14962, 41.30195 ], [ 27.14724, 41.29972 ], [ 27.14343, 41.3024 ], [ 27.1424, 41.30434 ], [ 27.14272, 41.30557 ], [ 27.138, 41.3083 ], [ 27.13614, 41.30991 ], [ 27.13578, 41.31162 ], [ 27.13333, 41.31278 ], [ 27.13239, 41.31609 ], [ 27.13151, 41.31586 ], [ 27.12993, 41.31728 ], [ 27.12855, 41.31745 ], [ 27.12368, 41.31133 ], [ 27.12162, 41.31045 ], [ 27.12229, 41.30832 ], [ 27.12193, 41.30601 ], [ 27.11915, 41.2996 ], [ 27.12144, 41.29426 ], [ 27.12018, 41.29016 ], [ 27.11845, 41.28989 ], [ 27.11498, 41.28979 ], [ 27.11468, 41.29108 ], [ 27.10925, 41.29347 ], [ 27.10735, 41.2953 ], [ 27.10689, 41.29679 ], [ 27.1083, 41.29951 ], [ 27.11062, 41.30162 ], [ 27.11116, 41.30368 ], [ 27.10828, 41.30681 ], [ 27.10817, 41.31089 ], [ 27.09825, 41.31854 ], [ 27.08522, 41.33251 ], [ 27.084, 41.33427 ], [ 27.08292, 41.33869 ], [ 27.08133, 41.34065 ], [ 27.07558, 41.34296 ], [ 27.06896, 41.34289 ], [ 27.06662, 41.34402 ], [ 27.06637, 41.34576 ], [ 27.06549, 41.34624 ], [ 27.06374, 41.34443 ], [ 27.06527, 41.3438 ], [ 27.06528, 41.34307 ], [ 27.06283, 41.34146 ], [ 27.0599, 41.34215 ], [ 27.05837, 41.34072 ], [ 27.05694, 41.34142 ], [ 27.05821, 41.34177 ], [ 27.05931, 41.34339 ], [ 27.0589, 41.34409 ], [ 27.05634, 41.3439 ], [ 27.05573, 41.34348 ], [ 27.05657, 41.34291 ], [ 27.05603, 41.34245 ], [ 27.05379, 41.34278 ], [ 27.05391, 41.34128 ], [ 27.05219, 41.34233 ], [ 27.05101, 41.34463 ], [ 27.04968, 41.34436 ], [ 27.04807, 41.34261 ], [ 27.04935, 41.34141 ], [ 27.04534, 41.34142 ], [ 27.04604, 41.34382 ], [ 27.04533, 41.34409 ], [ 27.04244, 41.34246 ], [ 27.04381, 41.34157 ], [ 27.04361, 41.34098 ], [ 27.04025, 41.34166 ], [ 27.04074, 41.34329 ], [ 27.03861, 41.3408 ], [ 27.03558, 41.34053 ], [ 27.03573, 41.34178 ], [ 27.03329, 41.34344 ], [ 27.0302, 41.34368 ], [ 27.0299, 41.34431 ], [ 27.02865, 41.34323 ], [ 27.02814, 41.3454 ], [ 27.02303, 41.34436 ], [ 27.02315, 41.34518 ], [ 27.0219, 41.3462 ], [ 27.02283, 41.34678 ], [ 27.02283, 41.3478 ], [ 27.02128, 41.34817 ], [ 27.01964, 41.34738 ], [ 27.01945, 41.34644 ], [ 27.01746, 41.34639 ], [ 27.01693, 41.34547 ], [ 27.01741, 41.34467 ], [ 27.0146, 41.34791 ], [ 27.01247, 41.34797 ], [ 27.01177, 41.34702 ], [ 27.00905, 41.3475 ], [ 27.00789, 41.35147 ], [ 27.00648, 41.35246 ], [ 27.00796, 41.35392 ], [ 27.00502, 41.35391 ], [ 27.00518, 41.35506 ], [ 27.00667, 41.35477 ], [ 27.00498, 41.35652 ], [ 27.00371, 41.35639 ], [ 27.00485, 41.358 ], [ 27.00351, 41.35854 ], [ 27.00225, 41.35782 ], [ 27.00074, 41.35913 ], [ 27.00344, 41.35932 ], [ 27.0046, 41.36047 ], [ 27.00103, 41.36253 ], [ 26.9993, 41.36153 ], [ 26.99734, 41.36251 ], [ 26.99632, 41.36159 ], [ 26.99579, 41.36292 ], [ 26.99433, 41.36293 ], [ 26.99496, 41.36451 ], [ 26.99282, 41.364 ], [ 26.99297, 41.36312 ], [ 26.98928, 41.36386 ], [ 26.99023, 41.36242 ], [ 26.98916, 41.36137 ], [ 26.98787, 41.3624 ], [ 26.98727, 41.36131 ], [ 26.98588, 41.36125 ], [ 26.98638, 41.35985 ], [ 26.98287, 41.36021 ], [ 26.98197, 41.36141 ], [ 26.98073, 41.36083 ], [ 26.98063, 41.36247 ], [ 26.97814, 41.36251 ], [ 26.9772, 41.3636 ], [ 26.97573, 41.36272 ], [ 26.97618, 41.36097 ], [ 26.97304, 41.36058 ], [ 26.973, 41.35722 ], [ 26.9791, 41.34971 ], [ 26.97412, 41.34568 ], [ 26.97108, 41.34181 ], [ 26.96871, 41.33814 ], [ 26.96734, 41.33291 ], [ 26.96936, 41.32671 ], [ 26.97283, 41.32594 ], [ 26.9747, 41.32395 ], [ 26.97468, 41.32183 ], [ 26.97265, 41.31963 ], [ 26.96492, 41.3213 ], [ 26.95851, 41.32078 ], [ 26.9555, 41.32257 ], [ 26.95069, 41.32155 ], [ 26.94865, 41.31989 ], [ 26.94688, 41.31977 ], [ 26.9441, 41.32473 ], [ 26.94447, 41.32727 ], [ 26.94366, 41.32838 ], [ 26.9407, 41.3275 ], [ 26.93805, 41.32509 ], [ 26.93329, 41.3242 ], [ 26.93175, 41.32486 ], [ 26.93099, 41.32659 ], [ 26.92447, 41.32801 ], [ 26.92037, 41.32696 ], [ 26.91582, 41.32745 ], [ 26.91486, 41.32857 ], [ 26.91058, 41.32703 ], [ 26.90551, 41.32691 ], [ 26.90445, 41.32815 ], [ 26.90674, 41.33362 ], [ 26.90416, 41.33769 ], [ 26.90412, 41.34123 ], [ 26.90615, 41.34641 ], [ 26.90579, 41.34859 ], [ 26.90667, 41.35156 ], [ 26.90756, 41.35185 ], [ 26.90613, 41.35925 ], [ 26.91109, 41.36642 ], [ 26.91067, 41.37191 ], [ 26.91256, 41.37531 ], [ 26.90979, 41.37453 ], [ 26.90689, 41.37655 ], [ 26.8934, 41.37848 ], [ 26.89043, 41.38578 ], [ 26.88073, 41.39414 ], [ 26.88096, 41.39631 ], [ 26.88386, 41.40066 ], [ 26.88403, 41.40461 ], [ 26.88544, 41.40842 ], [ 26.88351, 41.41083 ], [ 26.88354, 41.41225 ], [ 26.89147, 41.42296 ], [ 26.89243, 41.42659 ], [ 26.88986, 41.4309 ], [ 26.88865, 41.44069 ], [ 26.88723, 41.44379 ], [ 26.8856, 41.45239 ], [ 26.88434, 41.45453 ], [ 26.8856, 41.46073 ], [ 26.88883, 41.46505 ], [ 26.88886, 41.46721 ], [ 26.88741, 41.47102 ], [ 26.88241, 41.47278 ], [ 26.88151, 41.47993 ], [ 26.88027, 41.48325 ], [ 26.88044, 41.48586 ], [ 26.87883, 41.49041 ], [ 26.8867, 41.49458 ], [ 26.889, 41.49867 ], [ 26.89033, 41.49961 ], [ 26.88938, 41.50193 ], [ 26.89291, 41.50429 ], [ 26.89533, 41.50752 ], [ 26.89995, 41.50929 ], [ 26.89659, 41.51371 ], [ 26.89868, 41.52664 ], [ 26.90034, 41.53008 ], [ 26.90084, 41.53368 ], [ 26.9058, 41.5436 ], [ 26.90921, 41.54657 ], [ 26.91077, 41.55034 ], [ 26.90939, 41.55524 ], [ 26.91088, 41.55721 ], [ 26.91031, 41.55907 ], [ 26.90752, 41.56014 ], [ 26.90499, 41.56232 ], [ 26.90197, 41.56257 ], [ 26.90165, 41.56342 ], [ 26.90579, 41.57321 ], [ 26.9065, 41.57659 ], [ 26.90879, 41.58006 ], [ 26.91071, 41.58741 ], [ 26.90971, 41.59065 ], [ 26.9109, 41.59178 ], [ 26.91189, 41.59524 ], [ 26.91292, 41.60229 ], [ 26.91102, 41.6087 ], [ 26.90862, 41.60803 ], [ 26.90694, 41.61066 ], [ 26.90646, 41.61378 ], [ 26.90986, 41.62222 ], [ 26.90988, 41.62567 ], [ 26.90782, 41.63289 ], [ 26.90841, 41.63992 ], [ 26.9098, 41.64335 ], [ 26.90838, 41.65534 ], [ 26.92351, 41.65836 ], [ 26.93322, 41.66135 ], [ 26.96955, 41.66842 ], [ 26.97031, 41.67002 ], [ 26.9696, 41.67163 ], [ 26.96855, 41.672 ], [ 26.97034, 41.67498 ], [ 26.96962, 41.67563 ], [ 26.97026, 41.67939 ], [ 26.97132, 41.67959 ], [ 26.97194, 41.68204 ], [ 26.9732, 41.68234 ], [ 26.97354, 41.68349 ], [ 26.97218, 41.68523 ], [ 26.97285, 41.68808 ], [ 26.97213, 41.69129 ], [ 26.97263, 41.69425 ], [ 26.97464, 41.69804 ], [ 26.97378, 41.7028 ], [ 26.97205, 41.70581 ], [ 26.97246, 41.7064 ], [ 26.97146, 41.70711 ], [ 26.97191, 41.70834 ], [ 26.97099, 41.70983 ], [ 26.97172, 41.71062 ], [ 26.97206, 41.71474 ], [ 26.97275, 41.71512 ], [ 26.97231, 41.71577 ], [ 26.97329, 41.71648 ], [ 26.97306, 41.7177 ], [ 26.97711, 41.72746 ], [ 26.97663, 41.73064 ], [ 26.97982, 41.73643 ], [ 26.98064, 41.74163 ], [ 26.98225, 41.7445 ], [ 26.98581, 41.75675 ], [ 26.98851, 41.75925 ], [ 26.99589, 41.76083 ], [ 26.99562, 41.76256 ], [ 26.99865, 41.76761 ], [ 27.00055, 41.77612 ], [ 27.00091, 41.78204 ], [ 27.00248, 41.7837 ], [ 27.00264, 41.78599 ], [ 27.00505, 41.7874 ], [ 27.00556, 41.79066 ], [ 27.0074, 41.79317 ], [ 27.00755, 41.79974 ], [ 27.00845, 41.80226 ], [ 27.00675, 41.80539 ], [ 27.00713, 41.80931 ], [ 27.01056, 41.81512 ], [ 27.00978, 41.81694 ], [ 27.01045, 41.81901 ], [ 27.00835, 41.82185 ], [ 27.00331, 41.82109 ], [ 26.99728, 41.81825 ], [ 26.99344, 41.82237 ], [ 26.98721, 41.82632 ], [ 26.98782, 41.82761 ], [ 26.98686, 41.83007 ], [ 26.98249, 41.8348 ], [ 26.98377, 41.83617 ], [ 26.98438, 41.83944 ], [ 26.98163, 41.84545 ], [ 26.97696, 41.84364 ], [ 26.97415, 41.84017 ], [ 26.96988, 41.84044 ], [ 26.96763, 41.84284 ], [ 26.96245, 41.8455 ], [ 26.96416, 41.84862 ], [ 26.96197, 41.84902 ], [ 26.96129, 41.85169 ], [ 26.95901, 41.8538 ], [ 26.95907, 41.85567 ], [ 26.95719, 41.85708 ], [ 26.95512, 41.85712 ], [ 26.95303, 41.85671 ], [ 26.95087, 41.85466 ], [ 26.94807, 41.85702 ], [ 26.94678, 41.85968 ], [ 26.94691, 41.86085 ], [ 26.95192, 41.86414 ], [ 26.95291, 41.87488 ], [ 26.95433, 41.87876 ], [ 26.95294, 41.88163 ], [ 26.9528, 41.88437 ], [ 26.95107, 41.886 ], [ 26.95167, 41.88763 ], [ 26.94754, 41.89667 ], [ 26.94819, 41.90101 ], [ 26.95309, 41.90693 ], [ 26.95215, 41.91237 ], [ 26.95259, 41.91305 ], [ 26.95499, 41.91244 ], [ 26.96127, 41.91406 ], [ 26.96707, 41.91755 ], [ 26.97022, 41.91677 ], [ 26.97374, 41.91725 ], [ 26.97825, 41.92398 ], [ 26.97776, 41.92487 ], [ 26.98322, 41.92624 ], [ 26.9863, 41.92985 ], [ 26.98621, 41.93972 ], [ 26.99267, 41.93978 ], [ 26.99151, 41.9408 ], [ 26.9911, 41.94502 ], [ 26.98889, 41.9454 ], [ 26.98708, 41.94897 ], [ 26.98918, 41.95328 ], [ 26.98963, 41.96298 ], [ 26.98845, 41.96514 ], [ 26.98554, 41.96672 ], [ 26.98618, 41.97046 ], [ 26.98581, 41.97517 ], [ 26.98121, 41.97962 ], [ 26.97686, 41.97994 ], [ 26.97404, 41.98104 ], [ 26.97419, 41.98407 ], [ 26.97284, 41.98585 ], [ 26.97401, 41.987 ], [ 26.97483, 41.99048 ], [ 26.97374, 41.99076 ], [ 26.97182, 41.9935 ], [ 26.96818, 41.99529 ], [ 26.96784, 41.99654 ], [ 26.96562, 41.99698 ], [ 26.96635, 41.99896 ], [ 26.96544, 42.00091 ], [ 26.96645, 42.00271 ], [ 26.97005, 42.00461 ], [ 26.97251, 42.00964 ], [ 26.97777, 42.01283 ], [ 26.9817, 42.01825 ], [ 26.985, 42.01997 ], [ 26.98197, 42.02336 ], [ 26.98082, 42.02684 ], [ 26.98298, 42.03287 ], [ 26.97995, 42.03537 ], [ 26.98164, 42.0374 ], [ 26.98384, 42.03823 ], [ 26.98665, 42.03801 ], [ 26.98892, 42.03878 ], [ 26.99186, 42.038 ], [ 26.99428, 42.03875 ], [ 26.99715, 42.03636 ], [ 27.00332, 42.03915 ], [ 27.0076, 42.03876 ], [ 27.01411, 42.0448 ], [ 27.02187, 42.05497 ], [ 27.02563, 42.05602 ], [ 27.02557, 42.05854 ], [ 27.0287, 42.06079 ], [ 27.02804, 42.06338 ], [ 27.02317, 42.06708 ], [ 27.02431, 42.07373 ], [ 27.02167, 42.07391 ], [ 27.02294, 42.07589 ], [ 27.02298, 42.07925 ], [ 27.02453, 42.0813 ], [ 27.03141, 42.07894 ], [ 27.03419, 42.08008 ], [ 27.03707, 42.08259 ], [ 27.04248, 42.08463 ], [ 27.04513, 42.08359 ], [ 27.05032, 42.08365 ], [ 27.05511, 42.08602 ], [ 27.05685, 42.08602 ], [ 27.06073, 42.08958 ], [ 27.06348, 42.09059 ], [ 27.06557, 42.09312 ], [ 27.07042, 42.09235 ], [ 27.07067, 42.09019 ], [ 27.07225, 42.08908 ], [ 27.07872, 42.0888 ], [ 27.08177, 42.08724 ], [ 27.08569, 42.0885 ], [ 27.09061, 42.08738 ], [ 27.09193, 42.08583 ], [ 27.098, 42.08668 ], [ 27.10543, 42.08495 ], [ 27.10981, 42.08632 ], [ 27.11367, 42.08031 ], [ 27.12224, 42.07915 ], [ 27.1255, 42.07686 ], [ 27.12882, 42.07116 ], [ 27.12946, 42.06816 ], [ 27.13344, 42.06642 ], [ 27.14178, 42.06623 ], [ 27.14739, 42.06929 ], [ 27.15003, 42.06919 ], [ 27.15239, 42.07203 ], [ 27.15354, 42.07197 ], [ 27.15533, 42.07024 ], [ 27.15669, 42.0675 ], [ 27.15818, 42.06693 ], [ 27.15911, 42.06516 ], [ 27.16331, 42.06461 ], [ 27.17202, 42.06576 ], [ 27.17608, 42.07001 ], [ 27.18355, 42.07022 ], [ 27.18547, 42.06566 ], [ 27.1854, 42.06381 ], [ 27.18952, 42.06255 ], [ 27.19189, 42.0603 ], [ 27.19845, 42.06101 ], [ 27.20022, 42.0599 ], [ 27.20687, 42.06099 ], [ 27.20436, 42.06609 ], [ 27.20369, 42.07009 ], [ 27.19856, 42.07376 ], [ 27.19853, 42.0787 ], [ 27.20124, 42.08219 ], [ 27.2065, 42.08369 ], [ 27.21606, 42.08485 ], [ 27.21637, 42.08853 ], [ 27.21945, 42.09318 ], [ 27.21986, 42.09631 ], [ 27.22123, 42.09795 ], [ 27.23064, 42.099 ], [ 27.23893, 42.10474 ], [ 27.24277, 42.10354 ], [ 27.24802, 42.09935 ] ] ] } },
{ "type": "Feature", "properties": { "name": "TEKİRDAĞ" }, "geometry": { "type": "Polygon", "coordinates": [ [ [ 28.04871, 41.61521 ], [ 28.05237, 41.61588 ], [ 28.05309, 41.6121 ], [ 28.05812, 41.61034 ], [ 28.05814, 41.60929 ], [ 28.05635, 41.60715 ], [ 28.05723, 41.60569 ], [ 28.05588, 41.6043 ], [ 28.06026, 41.60358 ], [ 28.05978, 41.60078 ], [ 28.06193, 41.59839 ], [ 28.06153, 41.59754 ], [ 28.06314, 41.59817 ], [ 28.06708, 41.5961 ], [ 28.06866, 41.59307 ], [ 28.07168, 41.59214 ], [ 28.07285, 41.591 ], [ 28.07214, 41.58864 ], [ 28.06712, 41.5876 ], [ 28.06782, 41.5866 ], [ 28.07012, 41.58661 ], [ 28.07171, 41.5846 ], [ 28.07847, 41.58444 ], [ 28.08032, 41.58303 ], [ 28.08247, 41.58317 ], [ 28.09181, 41.58104 ], [ 28.09394, 41.58254 ], [ 28.09573, 41.58273 ], [ 28.09563, 41.58354 ], [ 28.09725, 41.58414 ], [ 28.09781, 41.58643 ], [ 28.10295, 41.58832 ], [ 28.10241, 41.59057 ], [ 28.106, 41.5943 ], [ 28.10797, 41.59383 ], [ 28.10933, 41.59131 ], [ 28.11016, 41.59124 ], [ 28.11164, 41.59185 ], [ 28.11194, 41.59463 ], [ 28.1145, 41.59389 ], [ 28.11802, 41.5954 ], [ 28.12023, 41.59459 ], [ 28.12004, 41.59593 ], [ 28.12085, 41.5966 ], [ 28.12412, 41.59495 ], [ 28.1261, 41.59678 ], [ 28.12617, 41.59357 ], [ 28.12987, 41.59238 ], [ 28.13078, 41.59308 ], [ 28.12889, 41.59455 ], [ 28.13246, 41.5967 ], [ 28.13309, 41.59483 ], [ 28.13546, 41.59314 ], [ 28.1423, 41.59015 ], [ 28.14431, 41.59102 ], [ 28.14396, 41.58955 ], [ 28.14513, 41.587 ], [ 28.14755, 41.58428 ], [ 28.1521, 41.58094 ], [ 28.15541, 41.5802 ], [ 28.15515, 41.57942 ], [ 28.15287, 41.57926 ], [ 28.14628, 41.58357 ], [ 28.13952, 41.58204 ], [ 28.13699, 41.581 ], [ 28.13646, 41.57863 ], [ 28.13361, 41.57713 ], [ 28.13319, 41.57459 ], [ 28.13085, 41.57396 ], [ 28.13079, 41.57288 ], [ 28.12853, 41.57317 ], [ 28.12879, 41.57203 ], [ 28.12599, 41.56849 ], [ 28.12315, 41.56731 ], [ 28.12408, 41.56648 ], [ 28.12388, 41.56563 ], [ 28.12107, 41.56321 ], [ 28.11847, 41.56269 ], [ 28.11894, 41.56092 ], [ 28.12244, 41.56078 ], [ 28.12365, 41.5599 ], [ 28.1249, 41.5551 ], [ 28.1242, 41.5525 ], [ 28.12097, 41.55211 ], [ 28.11931, 41.55014 ], [ 28.12131, 41.54885 ], [ 28.12078, 41.54804 ], [ 28.12233, 41.54706 ], [ 28.12185, 41.54498 ], [ 28.12026, 41.54422 ], [ 28.1213, 41.543 ], [ 28.1187, 41.54178 ], [ 28.11677, 41.54257 ], [ 28.11613, 41.54204 ], [ 28.11694, 41.54116 ], [ 28.11663, 41.5401 ], [ 28.11831, 41.53961 ], [ 28.12126, 41.53709 ], [ 28.12056, 41.53547 ], [ 28.12136, 41.53456 ], [ 28.12044, 41.53371 ], [ 28.12104, 41.53165 ], [ 28.11967, 41.5292 ], [ 28.11825, 41.52843 ], [ 28.11626, 41.52534 ], [ 28.1116, 41.52261 ], [ 28.11014, 41.52019 ], [ 28.10829, 41.51904 ], [ 28.10547, 41.51888 ], [ 28.10304, 41.52009 ], [ 28.10156, 41.51969 ], [ 28.09895, 41.52122 ], [ 28.09909, 41.51819 ], [ 28.09825, 41.51549 ], [ 28.09247, 41.50938 ], [ 28.0785, 41.50889 ], [ 28.0764, 41.50764 ], [ 28.07558, 41.50635 ], [ 28.07742, 41.50436 ], [ 28.07735, 41.50322 ], [ 28.07467, 41.50101 ], [ 28.07376, 41.49815 ], [ 28.07119, 41.49487 ], [ 28.06972, 41.49463 ], [ 28.07299, 41.49272 ], [ 28.0791, 41.49222 ], [ 28.08527, 41.49009 ], [ 28.09288, 41.48097 ], [ 28.09699, 41.47837 ], [ 28.09871, 41.47823 ], [ 28.10014, 41.47618 ], [ 28.10233, 41.47538 ], [ 28.10495, 41.47609 ], [ 28.10459, 41.47487 ], [ 28.10627, 41.47337 ], [ 28.10672, 41.46928 ], [ 28.11161, 41.46551 ], [ 28.11262, 41.46153 ], [ 28.1118, 41.45379 ], [ 28.11236, 41.44937 ], [ 28.11374, 41.44778 ], [ 28.11424, 41.44125 ], [ 28.11325, 41.43664 ], [ 28.11112, 41.43216 ], [ 28.1112, 41.42737 ], [ 28.11588, 41.41795 ], [ 28.11233, 41.41552 ], [ 28.10924, 41.40857 ], [ 28.10757, 41.40682 ], [ 28.1016, 41.40463 ], [ 28.09835, 41.39245 ], [ 28.09881, 41.38627 ], [ 28.09484, 41.37754 ], [ 28.09139, 41.37418 ], [ 28.08939, 41.36963 ], [ 28.08904, 41.35536 ], [ 28.0879, 41.35271 ], [ 28.0898, 41.34693 ], [ 28.08739, 41.34065 ], [ 28.08215, 41.33316 ], [ 28.08211, 41.33057 ], [ 28.07846, 41.32437 ], [ 28.07845, 41.31595 ], [ 28.07971, 41.31052 ], [ 28.07888, 41.30576 ], [ 28.07986, 41.30138 ], [ 28.07902, 41.30167 ], [ 28.07743, 41.2985 ], [ 28.07219, 41.28292 ], [ 28.06572, 41.27745 ], [ 28.06296, 41.27812 ], [ 28.06203, 41.27554 ], [ 28.05919, 41.27234 ], [ 28.05683, 41.26787 ], [ 28.04783, 41.26659 ], [ 28.03063, 41.25619 ], [ 28.01919, 41.25245 ], [ 28.0159, 41.25247 ], [ 28.00256, 41.24311 ], [ 27.99896, 41.2392 ], [ 27.99768, 41.23619 ], [ 27.99641, 41.23183 ], [ 27.99831, 41.22258 ], [ 28.00673, 41.21344 ], [ 28.0114, 41.2054 ], [ 28.01563, 41.20056 ], [ 28.01751, 41.19509 ], [ 28.01708, 41.19371 ], [ 28.01859, 41.19049 ], [ 28.01775, 41.18566 ], [ 28.02081, 41.17836 ], [ 28.01874, 41.17466 ], [ 28.01566, 41.17304 ], [ 28.01611, 41.17238 ], [ 28.01468, 41.17069 ], [ 28.01261, 41.17102 ], [ 28.01386, 41.16928 ], [ 28.01354, 41.16807 ], [ 28.01619, 41.16706 ], [ 28.01288, 41.16641 ], [ 28.0133, 41.15991 ], [ 28.0091, 41.15861 ], [ 28.01131, 41.15585 ], [ 28.00934, 41.15467 ], [ 28.00431, 41.14916 ], [ 28.00365, 41.14629 ], [ 28.0013, 41.14259 ], [ 27.99764, 41.13992 ], [ 27.99833, 41.13522 ], [ 27.99357, 41.13246 ], [ 27.9938, 41.13117 ], [ 27.99274, 41.13064 ], [ 27.99171, 41.12699 ], [ 27.98942, 41.1254 ], [ 27.98942, 41.12324 ], [ 27.98618, 41.1212 ], [ 27.98611, 41.11926 ], [ 27.98336, 41.11657 ], [ 27.98101, 41.11072 ], [ 27.98313, 41.1093 ], [ 27.98489, 41.10278 ], [ 27.98218, 41.09889 ], [ 27.97834, 41.0984 ], [ 27.97838, 41.09694 ], [ 27.97673, 41.09423 ], [ 27.97708, 41.09172 ], [ 27.97521, 41.08999 ], [ 27.9751, 41.08725 ], [ 27.97893, 41.08401 ], [ 27.97841, 41.08229 ], [ 27.97454, 41.07938 ], [ 27.97558, 41.07557 ], [ 27.98182, 41.07617 ], [ 27.98236, 41.07561 ], [ 27.9811, 41.07224 ], [ 27.98222, 41.0714 ], [ 27.98402, 41.07179 ], [ 27.97996, 41.06774 ], [ 27.97566, 41.06586 ], [ 27.97778, 41.06283 ], [ 27.97761, 41.06059 ], [ 27.97876, 41.05792 ], [ 27.98199, 41.05487 ], [ 27.98053, 41.05277 ], [ 27.97749, 41.05197 ], [ 27.97843, 41.0496 ], [ 27.97697, 41.04839 ], [ 27.97413, 41.04301 ], [ 27.97449, 41.04226 ], [ 27.97661, 41.04209 ], [ 27.97826, 41.03962 ], [ 27.97626, 41.03078 ], [ 27.97818, 41.02974 ], [ 27.97669, 41.02444 ], [ 27.97884, 41.02061 ], [ 27.97828, 41.01274 ], [ 27.9806, 41.01131 ], [ 27.98574, 41.0111 ], [ 27.983, 41.00301 ], [ 27.98348, 40.99326 ], [ 27.98464, 40.9924 ], [ 27.98309, 40.99215 ], [ 27.9803, 40.98671 ], [ 27.97641, 40.98259 ], [ 27.97113, 40.98193 ], [ 27.9696, 40.9833 ], [ 27.96712, 40.98336 ], [ 27.96228, 40.98046 ], [ 27.96034, 40.98046 ], [ 27.95865, 40.97933 ], [ 27.95958, 40.97814 ], [ 27.95723, 40.97732 ], [ 27.95632, 40.9756 ], [ 27.95713, 40.974 ], [ 27.95637, 40.9724 ], [ 27.95715, 40.97091 ], [ 27.96161, 40.96887 ], [ 27.96669, 40.97057 ], [ 27.96775, 40.97007 ], [ 27.96703, 40.96814 ], [ 27.96408, 40.96607 ], [ 27.96061, 40.96503 ], [ 27.95465, 40.96432 ], [ 27.94475, 40.96521 ], [ 27.94361, 40.96399 ], [ 27.94206, 40.9651 ], [ 27.93578, 40.96445 ], [ 27.93447, 40.96449 ], [ 27.93379, 40.96537 ], [ 27.93237, 40.96494 ], [ 27.92761, 40.96938 ], [ 27.92278, 40.9702 ], [ 27.91552, 40.96986 ], [ 27.91084, 40.9685 ], [ 27.90939, 40.96914 ], [ 27.9028, 40.96872 ], [ 27.89014, 40.9651 ], [ 27.88303, 40.9663 ], [ 27.87793, 40.96593 ], [ 27.87744, 40.96697 ], [ 27.87408, 40.96812 ], [ 27.87168, 40.96804 ], [ 27.86472, 40.96991 ], [ 27.86178, 40.97454 ], [ 27.85799, 40.97689 ], [ 27.85828, 40.97895 ], [ 27.85655, 40.98163 ], [ 27.85167, 40.98609 ], [ 27.84436, 40.99064 ], [ 27.82421, 40.9975 ], [ 27.8041, 41.00146 ], [ 27.79809, 41.00443 ], [ 27.77766, 41.01078 ], [ 27.76021, 41.01369 ], [ 27.7338, 41.0123 ], [ 27.72196, 41.00989 ], [ 27.70777, 41.00445 ], [ 27.70717, 41.00689 ], [ 27.70665, 41.00807 ], [ 27.70617, 41.00894 ], [ 27.706, 41.01021 ], [ 27.70579, 41.01093 ], [ 27.70542, 41.01172 ], [ 27.70522, 41.01201 ], [ 27.7061, 41.009 ], [ 27.7071, 41.00696 ], [ 27.70769, 41.00451 ], [ 27.70258, 41.0032 ], [ 27.69778, 41.0026 ], [ 27.68198, 41.00406 ], [ 27.6688, 40.99955 ], [ 27.65463, 40.99687 ], [ 27.64746, 40.99681 ], [ 27.62218, 40.99026 ], [ 27.61577, 40.99052 ], [ 27.60615, 40.98676 ], [ 27.60555, 40.98626 ], [ 27.60595, 40.98566 ], [ 27.60374, 40.98647 ], [ 27.59907, 40.98597 ], [ 27.59764, 40.98657 ], [ 27.58525, 40.9828 ], [ 27.57843, 40.98468 ], [ 27.56813, 40.98074 ], [ 27.56113, 40.98149 ], [ 27.55077, 40.97723 ], [ 27.54223, 40.977 ], [ 27.53052, 40.97832 ], [ 27.52631, 40.97725 ], [ 27.52636, 40.97525 ], [ 27.52607, 40.97488 ], [ 27.52265, 40.97388 ], [ 27.52599, 40.97508 ], [ 27.52587, 40.97678 ], [ 27.52322, 40.97672 ], [ 27.52366, 40.97509 ], [ 27.52283, 40.9766 ], [ 27.51628, 40.97509 ], [ 27.51743, 40.97318 ], [ 27.51653, 40.97264 ], [ 27.5171, 40.97332 ], [ 27.51618, 40.97494 ], [ 27.51565, 40.97448 ], [ 27.51423, 40.97409 ], [ 27.51568, 40.97471 ], [ 27.51565, 40.97559 ], [ 27.51433, 40.97463 ], [ 27.51223, 40.97455 ], [ 27.50818, 40.97196 ], [ 27.506, 40.96957 ], [ 27.50732, 40.96902 ], [ 27.50544, 40.96924 ], [ 27.50313, 40.96549 ], [ 27.50426, 40.96622 ], [ 27.50739, 40.96452 ], [ 27.50627, 40.96313 ], [ 27.50747, 40.96256 ], [ 27.51016, 40.96462 ], [ 27.51068, 40.96425 ], [ 27.50775, 40.96201 ], [ 27.50256, 40.96412 ], [ 27.5029, 40.96515 ], [ 27.50158, 40.9633 ], [ 27.50497, 40.96153 ], [ 27.50141, 40.96267 ], [ 27.49947, 40.96207 ], [ 27.49862, 40.96053 ], [ 27.50525, 40.95745 ], [ 27.49848, 40.96044 ], [ 27.49763, 40.9596 ], [ 27.49026, 40.94765 ], [ 27.48218, 40.92928 ], [ 27.48111, 40.92533 ], [ 27.47957, 40.92313 ], [ 27.47468, 40.92001 ], [ 27.47054, 40.91439 ], [ 27.46855, 40.90729 ], [ 27.46854, 40.90471 ], [ 27.46958, 40.90387 ], [ 27.46919, 40.9024 ], [ 27.46926, 40.90382 ], [ 27.46816, 40.90455 ], [ 27.46752, 40.90338 ], [ 27.46835, 40.90309 ], [ 27.46727, 40.90312 ], [ 27.46713, 40.90203 ], [ 27.47006, 40.90053 ], [ 27.47143, 40.903 ], [ 27.47241, 40.90269 ], [ 27.46776, 40.89604 ], [ 27.46605, 40.89528 ], [ 27.46438, 40.89683 ], [ 27.46267, 40.89485 ], [ 27.45989, 40.86954 ], [ 27.45997, 40.86697 ], [ 27.46192, 40.86681 ], [ 27.46213, 40.86523 ], [ 27.46153, 40.86669 ], [ 27.46018, 40.86674 ], [ 27.45998, 40.86581 ], [ 27.46114, 40.86561 ], [ 27.45982, 40.86486 ], [ 27.46045, 40.86334 ], [ 27.45919, 40.86117 ], [ 27.45915, 40.85755 ], [ 27.45709, 40.85314 ], [ 27.45545, 40.84594 ], [ 27.4542, 40.84471 ], [ 27.4494, 40.84327 ], [ 27.44874, 40.84145 ], [ 27.43508, 40.83003 ], [ 27.42435, 40.82379 ], [ 27.42002, 40.82037 ], [ 27.41099, 40.81681 ], [ 27.40608, 40.81343 ], [ 27.39255, 40.80685 ], [ 27.39051, 40.80264 ], [ 27.38286, 40.79949 ], [ 27.37577, 40.79047 ], [ 27.36725, 40.78392 ], [ 27.36407, 40.77963 ], [ 27.35818, 40.77669 ], [ 27.35595, 40.77284 ], [ 27.34371, 40.76544 ], [ 27.33603, 40.75636 ], [ 27.3351, 40.74787 ], [ 27.33158, 40.74053 ], [ 27.33144, 40.73527 ], [ 27.32415, 40.72887 ], [ 27.32085, 40.72271 ], [ 27.31896, 40.72119 ], [ 27.31861, 40.71453 ], [ 27.31603, 40.71194 ], [ 27.31603, 40.71029 ], [ 27.31365, 40.7086 ], [ 27.31521, 40.71064 ], [ 27.31479, 40.71129 ], [ 27.31049, 40.70876 ], [ 27.30906, 40.70267 ], [ 27.30046, 40.69853 ], [ 27.2975, 40.69515 ], [ 27.29167, 40.69314 ], [ 27.27914, 40.6868 ], [ 27.27603, 40.6839 ], [ 27.26751, 40.67983 ], [ 27.26665, 40.67857 ], [ 27.26783, 40.67752 ], [ 27.26774, 40.67692 ], [ 27.26523, 40.67502 ], [ 27.26755, 40.67707 ], [ 27.26613, 40.67858 ], [ 27.26444, 40.67726 ], [ 27.26528, 40.67619 ], [ 27.2633, 40.6772 ], [ 27.25145, 40.67215 ], [ 27.24656, 40.66704 ], [ 27.24797, 40.6655 ], [ 27.24648, 40.66698 ], [ 27.24598, 40.66667 ], [ 27.24382, 40.66267 ], [ 27.24097, 40.66031 ], [ 27.23796, 40.66027 ], [ 27.23628, 40.65918 ], [ 27.22954, 40.65961 ], [ 27.22455, 40.65695 ], [ 27.21871, 40.65504 ], [ 27.2156, 40.65269 ], [ 27.20943, 40.65136 ], [ 27.20394, 40.6473 ], [ 27.20229, 40.64501 ], [ 27.19823, 40.64297 ], [ 27.19079, 40.64156 ], [ 27.18777, 40.64001 ], [ 27.17857, 40.62754 ], [ 27.16853, 40.62627 ], [ 27.14696, 40.61563 ], [ 27.13235, 40.61333 ], [ 27.12725, 40.61087 ], [ 27.12456, 40.61157 ], [ 27.1193, 40.61075 ], [ 27.11668, 40.60984 ], [ 27.11705, 40.6084 ], [ 27.11635, 40.60831 ], [ 27.1169, 40.60849 ], [ 27.11664, 40.60961 ], [ 27.11536, 40.61035 ], [ 27.11318, 40.6096 ], [ 27.11249, 40.60795 ], [ 27.11011, 40.6079 ], [ 27.11234, 40.60837 ], [ 27.11199, 40.61024 ], [ 27.11079, 40.61012 ], [ 27.11067, 40.60874 ], [ 27.10978, 40.61015 ], [ 27.10256, 40.60789 ], [ 27.0984, 40.60803 ], [ 27.09663, 40.60713 ], [ 27.08139, 40.60521 ], [ 27.06554, 40.60516 ], [ 27.05993, 40.6021 ], [ 27.04386, 40.59773 ], [ 27.04262, 40.59825 ], [ 27.03878, 40.59475 ], [ 27.03289, 40.59341 ], [ 27.02735, 40.58864 ], [ 27.02527, 40.58791 ], [ 27.02303, 40.58504 ], [ 27.01902, 40.58195 ], [ 27.0173, 40.58146 ], [ 27.01564, 40.57957 ], [ 27.01339, 40.57904 ], [ 27.00703, 40.57332 ], [ 27.0056, 40.57031 ], [ 27.00145, 40.56933 ], [ 26.99929, 40.56581 ], [ 26.99807, 40.55891 ], [ 26.99564, 40.55599 ], [ 26.99253, 40.55517 ], [ 26.98625, 40.55631 ], [ 26.97554, 40.55545 ], [ 26.96875, 40.55382 ], [ 26.96306, 40.55074 ], [ 26.95373, 40.54961 ], [ 26.93962, 40.54538 ], [ 26.93271, 40.54496 ], [ 26.92052, 40.54145 ], [ 26.91311, 40.54052 ], [ 26.90698, 40.53828 ], [ 26.90761, 40.54105 ], [ 26.90627, 40.54237 ], [ 26.90859, 40.54467 ], [ 26.90873, 40.55154 ], [ 26.91079, 40.55514 ], [ 26.9118, 40.56055 ], [ 26.90984, 40.56604 ], [ 26.91078, 40.56815 ], [ 26.91042, 40.5706 ], [ 26.9114, 40.57414 ], [ 26.90827, 40.57931 ], [ 26.9087, 40.5808 ], [ 26.90794, 40.58209 ], [ 26.90879, 40.58734 ], [ 26.91075, 40.59195 ], [ 26.90951, 40.59421 ], [ 26.90964, 40.59583 ], [ 26.91199, 40.6009 ], [ 26.90929, 40.60724 ], [ 26.91048, 40.6084 ], [ 26.91219, 40.60786 ], [ 26.91439, 40.61208 ], [ 26.92251, 40.61857 ], [ 26.92096, 40.62248 ], [ 26.91946, 40.62253 ], [ 26.92153, 40.62505 ], [ 26.91779, 40.62474 ], [ 26.91535, 40.62365 ], [ 26.91209, 40.62677 ], [ 26.92363, 40.63694 ], [ 26.93463, 40.64132 ], [ 26.93718, 40.64448 ], [ 26.93584, 40.64763 ], [ 26.93968, 40.64624 ], [ 26.94205, 40.64682 ], [ 26.94383, 40.64842 ], [ 26.94185, 40.65144 ], [ 26.94211, 40.65294 ], [ 26.94637, 40.65329 ], [ 26.94838, 40.65452 ], [ 26.94831, 40.65836 ], [ 26.94916, 40.65922 ], [ 26.95084, 40.65907 ], [ 26.95162, 40.66164 ], [ 26.96005, 40.66123 ], [ 26.96754, 40.67066 ], [ 26.97722, 40.67349 ], [ 26.97866, 40.67535 ], [ 26.9786, 40.6767 ], [ 26.97951, 40.67721 ], [ 26.9795, 40.67936 ], [ 26.98125, 40.68063 ], [ 26.98549, 40.68004 ], [ 26.9881, 40.67677 ], [ 26.99045, 40.67643 ], [ 26.99172, 40.67754 ], [ 26.99261, 40.67713 ], [ 26.99918, 40.6827 ], [ 27.00136, 40.68148 ], [ 27.00598, 40.68138 ], [ 27.00977, 40.68757 ], [ 27.0127, 40.68729 ], [ 27.01453, 40.68513 ], [ 27.01588, 40.68494 ], [ 27.02023, 40.68966 ], [ 27.02413, 40.69202 ], [ 27.02413, 40.69618 ], [ 27.0221, 40.6997 ], [ 27.02221, 40.70085 ], [ 27.02375, 40.70223 ], [ 27.03084, 40.70003 ], [ 27.03123, 40.70378 ], [ 27.0295, 40.7054 ], [ 27.03394, 40.71238 ], [ 27.03286, 40.71926 ], [ 27.03956, 40.72366 ], [ 27.03963, 40.72669 ], [ 27.03526, 40.72806 ], [ 27.03408, 40.73086 ], [ 27.03561, 40.7331 ], [ 27.04163, 40.73285 ], [ 27.04304, 40.73484 ], [ 27.04156, 40.73875 ], [ 27.04201, 40.74056 ], [ 27.04634, 40.74281 ], [ 27.04862, 40.74512 ], [ 27.05007, 40.7453 ], [ 27.05013, 40.74669 ], [ 27.04799, 40.74782 ], [ 27.04389, 40.74546 ], [ 27.03994, 40.7455 ], [ 27.0311, 40.74921 ], [ 27.02749, 40.74967 ], [ 27.02528, 40.74862 ], [ 27.02089, 40.75281 ], [ 27.01528, 40.75102 ], [ 27.01247, 40.75187 ], [ 27.01024, 40.7505 ], [ 27.0086, 40.75044 ], [ 27.00378, 40.75227 ], [ 27.00061, 40.75031 ], [ 26.99591, 40.75265 ], [ 26.99027, 40.75179 ], [ 26.98739, 40.75236 ], [ 26.98133, 40.74995 ], [ 26.97861, 40.7535 ], [ 26.97604, 40.75256 ], [ 26.97369, 40.75431 ], [ 26.97018, 40.75391 ], [ 26.96896, 40.75536 ], [ 26.9651, 40.75432 ], [ 26.961, 40.7571 ], [ 26.95809, 40.75672 ], [ 26.95804, 40.75484 ], [ 26.95509, 40.75316 ], [ 26.95165, 40.75347 ], [ 26.95022, 40.75242 ], [ 26.94706, 40.75216 ], [ 26.9442, 40.75276 ], [ 26.94181, 40.75196 ], [ 26.93935, 40.75231 ], [ 26.93704, 40.7509 ], [ 26.93343, 40.75102 ], [ 26.93211, 40.74977 ], [ 26.9288, 40.74864 ], [ 26.92202, 40.75341 ], [ 26.91462, 40.75039 ], [ 26.91024, 40.75111 ], [ 26.90655, 40.75348 ], [ 26.90108, 40.74978 ], [ 26.89853, 40.74996 ], [ 26.89434, 40.74712 ], [ 26.89057, 40.7468 ], [ 26.88935, 40.74535 ], [ 26.88252, 40.74206 ], [ 26.88014, 40.74172 ], [ 26.87783, 40.73988 ], [ 26.86378, 40.73583 ], [ 26.86176, 40.73276 ], [ 26.86175, 40.73138 ], [ 26.85182, 40.72769 ], [ 26.84807, 40.7254 ], [ 26.8444, 40.72571 ], [ 26.84265, 40.72519 ], [ 26.84175, 40.72375 ], [ 26.83981, 40.7264 ], [ 26.83824, 40.72697 ], [ 26.83615, 40.72527 ], [ 26.83081, 40.7262 ], [ 26.82411, 40.7226 ], [ 26.82097, 40.72446 ], [ 26.81892, 40.72425 ], [ 26.8177, 40.72541 ], [ 26.81577, 40.72503 ], [ 26.8136, 40.72315 ], [ 26.8111, 40.72289 ], [ 26.80752, 40.72667 ], [ 26.80926, 40.72947 ], [ 26.80671, 40.73399 ], [ 26.80957, 40.73695 ], [ 26.80893, 40.74125 ], [ 26.80992, 40.7425 ], [ 26.8103, 40.74561 ], [ 26.80992, 40.75167 ], [ 26.80892, 40.75266 ], [ 26.80565, 40.7523 ], [ 26.80355, 40.7534 ], [ 26.80393, 40.75684 ], [ 26.80077, 40.75973 ], [ 26.80115, 40.76098 ], [ 26.80012, 40.76578 ], [ 26.79715, 40.7681 ], [ 26.7952, 40.76862 ], [ 26.79323, 40.77088 ], [ 26.78873, 40.7717 ], [ 26.78725, 40.77392 ], [ 26.78565, 40.77461 ], [ 26.78555, 40.77679 ], [ 26.78397, 40.77893 ], [ 26.78212, 40.77984 ], [ 26.78176, 40.78163 ], [ 26.77978, 40.78295 ], [ 26.77906, 40.78574 ], [ 26.77991, 40.78698 ], [ 26.77657, 40.78724 ], [ 26.77739, 40.78878 ], [ 26.77417, 40.79088 ], [ 26.7746, 40.79237 ], [ 26.77138, 40.79332 ], [ 26.77176, 40.79473 ], [ 26.77068, 40.79607 ], [ 26.77292, 40.79619 ], [ 26.77431, 40.79837 ], [ 26.78012, 40.79846 ], [ 26.77733, 40.80011 ], [ 26.77667, 40.8013 ], [ 26.77206, 40.80313 ], [ 26.77115, 40.80617 ], [ 26.76967, 40.80781 ], [ 26.76179, 40.80281 ], [ 26.75912, 40.8052 ], [ 26.75912, 40.80706 ], [ 26.75824, 40.80785 ], [ 26.7488, 40.80879 ], [ 26.74656, 40.81013 ], [ 26.7345, 40.81159 ], [ 26.72687, 40.8143 ], [ 26.72561, 40.81562 ], [ 26.72588, 40.81819 ], [ 26.72283, 40.81854 ], [ 26.72151, 40.82139 ], [ 26.72538, 40.82497 ], [ 26.72474, 40.83151 ], [ 26.72582, 40.8358 ], [ 26.73104, 40.83963 ], [ 26.7301, 40.84039 ], [ 26.73012, 40.84203 ], [ 26.72811, 40.8436 ], [ 26.73206, 40.84658 ], [ 26.73596, 40.84757 ], [ 26.73805, 40.85015 ], [ 26.73811, 40.85145 ], [ 26.74028, 40.85171 ], [ 26.74402, 40.85498 ], [ 26.74799, 40.85388 ], [ 26.7536, 40.85496 ], [ 26.75738, 40.85829 ], [ 26.7574, 40.86082 ], [ 26.75944, 40.86508 ], [ 26.75248, 40.86336 ], [ 26.74586, 40.86592 ], [ 26.74281, 40.86463 ], [ 26.73744, 40.86785 ], [ 26.72814, 40.86929 ], [ 26.71762, 40.87315 ], [ 26.71056, 40.87386 ], [ 26.70971, 40.87461 ], [ 26.71001, 40.87683 ], [ 26.70881, 40.87817 ], [ 26.7061, 40.87954 ], [ 26.70268, 40.87863 ], [ 26.70026, 40.87914 ], [ 26.69075, 40.88594 ], [ 26.68672, 40.88997 ], [ 26.68427, 40.89089 ], [ 26.68527, 40.89337 ], [ 26.68892, 40.89658 ], [ 26.69011, 40.89991 ], [ 26.68948, 40.90238 ], [ 26.68566, 40.90852 ], [ 26.68859, 40.90896 ], [ 26.69039, 40.90715 ], [ 26.69275, 40.90691 ], [ 26.70313, 40.90755 ], [ 26.70764, 40.90636 ], [ 26.7112, 40.90663 ], [ 26.71425, 40.90545 ], [ 26.71737, 40.90662 ], [ 26.72124, 40.90636 ], [ 26.71975, 40.90802 ], [ 26.71858, 40.91273 ], [ 26.71378, 40.91719 ], [ 26.71474, 40.91894 ], [ 26.72437, 40.9225 ], [ 26.72624, 40.92391 ], [ 26.73861, 40.92137 ], [ 26.7399, 40.92255 ], [ 26.74155, 40.92716 ], [ 26.74336, 40.92893 ], [ 26.74892, 40.93127 ], [ 26.75124, 40.93445 ], [ 26.75125, 40.93641 ], [ 26.7499, 40.93746 ], [ 26.74763, 40.94183 ], [ 26.73504, 40.94615 ], [ 26.73169, 40.95002 ], [ 26.72699, 40.95274 ], [ 26.72403, 40.95886 ], [ 26.72186, 40.95977 ], [ 26.72012, 40.95947 ], [ 26.72084, 40.96242 ], [ 26.72651, 40.97036 ], [ 26.72772, 40.97387 ], [ 26.73197, 40.98096 ], [ 26.73367, 40.98932 ], [ 26.73137, 40.99307 ], [ 26.73607, 40.99335 ], [ 26.73632, 40.99607 ], [ 26.73887, 40.99742 ], [ 26.74018, 40.99926 ], [ 26.74243, 40.99984 ], [ 26.74283, 41.0018 ], [ 26.74114, 41.00477 ], [ 26.74197, 41.00932 ], [ 26.7438, 41.00973 ], [ 26.74823, 41.00863 ], [ 26.74895, 41.01198 ], [ 26.75011, 41.01365 ], [ 26.74848, 41.01685 ], [ 26.7435, 41.01871 ], [ 26.74271, 41.01988 ], [ 26.73374, 41.02048 ], [ 26.73362, 41.02136 ], [ 26.73213, 41.0222 ], [ 26.73151, 41.02485 ], [ 26.7265, 41.02573 ], [ 26.72329, 41.02717 ], [ 26.72146, 41.0308 ], [ 26.71842, 41.03261 ], [ 26.71609, 41.03264 ], [ 26.7128, 41.03145 ], [ 26.70754, 41.03283 ], [ 26.70247, 41.03917 ], [ 26.69777, 41.04213 ], [ 26.69722, 41.04484 ], [ 26.68745, 41.05176 ], [ 26.68902, 41.05404 ], [ 26.68964, 41.05202 ], [ 26.69355, 41.05126 ], [ 26.69526, 41.05777 ], [ 26.69234, 41.06245 ], [ 26.69791, 41.06226 ], [ 26.70067, 41.06064 ], [ 26.70315, 41.06085 ], [ 26.70203, 41.06439 ], [ 26.70599, 41.06808 ], [ 26.70739, 41.07302 ], [ 26.70695, 41.07532 ], [ 26.70867, 41.07455 ], [ 26.70856, 41.07379 ], [ 26.71085, 41.0738 ], [ 26.71119, 41.07206 ], [ 26.71238, 41.0718 ], [ 26.71386, 41.06986 ], [ 26.71711, 41.06806 ], [ 26.71999, 41.06806 ], [ 26.72092, 41.06724 ], [ 26.7212, 41.06896 ], [ 26.72349, 41.06914 ], [ 26.7252, 41.07139 ], [ 26.72752, 41.07006 ], [ 26.73003, 41.07036 ], [ 26.73217, 41.07137 ], [ 26.73204, 41.07246 ], [ 26.73379, 41.0729 ], [ 26.73385, 41.07379 ], [ 26.73533, 41.07336 ], [ 26.74007, 41.07526 ], [ 26.74137, 41.07377 ], [ 26.74486, 41.07525 ], [ 26.75014, 41.06985 ], [ 26.75132, 41.06959 ], [ 26.75276, 41.07054 ], [ 26.7546, 41.06974 ], [ 26.75583, 41.07053 ], [ 26.76002, 41.06969 ], [ 26.76042, 41.06901 ], [ 26.76267, 41.06893 ], [ 26.76414, 41.06707 ], [ 26.76635, 41.06624 ], [ 26.77061, 41.06721 ], [ 26.77892, 41.06719 ], [ 26.78456, 41.06314 ], [ 26.78836, 41.0629 ], [ 26.79141, 41.0612 ], [ 26.79765, 41.05985 ], [ 26.80019, 41.05806 ], [ 26.80553, 41.05141 ], [ 26.80873, 41.04907 ], [ 26.80996, 41.04674 ], [ 26.81188, 41.04568 ], [ 26.81558, 41.04154 ], [ 26.81623, 41.03916 ], [ 26.81924, 41.04739 ], [ 26.82167, 41.05742 ], [ 26.81717, 41.06431 ], [ 26.81715, 41.06584 ], [ 26.81886, 41.06913 ], [ 26.81817, 41.07194 ], [ 26.81448, 41.07737 ], [ 26.81149, 41.07872 ], [ 26.80955, 41.08205 ], [ 26.80982, 41.08563 ], [ 26.81459, 41.09815 ], [ 26.81292, 41.10218 ], [ 26.81221, 41.10093 ], [ 26.80934, 41.10242 ], [ 26.80848, 41.10387 ], [ 26.8082, 41.10863 ], [ 26.80895, 41.11693 ], [ 26.80968, 41.11824 ], [ 26.81096, 41.11913 ], [ 26.81135, 41.11802 ], [ 26.81699, 41.11451 ], [ 26.81832, 41.11243 ], [ 26.82906, 41.10967 ], [ 26.83338, 41.10929 ], [ 26.84251, 41.11123 ], [ 26.84292, 41.11292 ], [ 26.84528, 41.1152 ], [ 26.85951, 41.12251 ], [ 26.86307, 41.12551 ], [ 26.87395, 41.13131 ], [ 26.8898, 41.13756 ], [ 26.88912, 41.14493 ], [ 26.89178, 41.14458 ], [ 26.89279, 41.14771 ], [ 26.89485, 41.14808 ], [ 26.89918, 41.15229 ], [ 26.90593, 41.15438 ], [ 26.91258, 41.15851 ], [ 26.92078, 41.1622 ], [ 26.92343, 41.16268 ], [ 26.92887, 41.16705 ], [ 26.94154, 41.17213 ], [ 26.95003, 41.17813 ], [ 26.95074, 41.17954 ], [ 26.95075, 41.18495 ], [ 26.94673, 41.18744 ], [ 26.94501, 41.19048 ], [ 26.94772, 41.19691 ], [ 26.94446, 41.19861 ], [ 26.94393, 41.19975 ], [ 26.94562, 41.20188 ], [ 26.9482, 41.20298 ], [ 26.95145, 41.21225 ], [ 26.95169, 41.21699 ], [ 26.95499, 41.22192 ], [ 26.95668, 41.22761 ], [ 26.96317, 41.23128 ], [ 26.96195, 41.23778 ], [ 26.95808, 41.24317 ], [ 26.95417, 41.25576 ], [ 26.95176, 41.25769 ], [ 26.94363, 41.26041 ], [ 26.94255, 41.26221 ], [ 26.93382, 41.26677 ], [ 26.93065, 41.27193 ], [ 26.9318, 41.27491 ], [ 26.92855, 41.27691 ], [ 26.93237, 41.27718 ], [ 26.93305, 41.27557 ], [ 26.936, 41.27404 ], [ 26.9412, 41.2761 ], [ 26.94205, 41.27711 ], [ 26.94165, 41.28654 ], [ 26.94632, 41.29161 ], [ 26.9439, 41.29193 ], [ 26.94278, 41.29369 ], [ 26.9351, 41.29874 ], [ 26.92925, 41.30076 ], [ 26.92528, 41.29983 ], [ 26.92441, 41.30093 ], [ 26.92874, 41.30662 ], [ 26.93468, 41.3096 ], [ 26.93598, 41.31412 ], [ 26.93894, 41.31887 ], [ 26.94468, 41.32355 ], [ 26.94626, 41.32009 ], [ 26.94741, 41.31967 ], [ 26.95069, 41.32155 ], [ 26.9555, 41.32257 ], [ 26.95706, 41.32115 ], [ 26.96029, 41.32057 ], [ 26.96492, 41.3213 ], [ 26.97171, 41.31954 ], [ 26.97368, 41.32037 ], [ 26.9749, 41.32243 ], [ 26.9747, 41.32395 ], [ 26.97283, 41.32594 ], [ 26.96936, 41.32671 ], [ 26.96729, 41.33259 ], [ 26.96871, 41.33814 ], [ 26.97108, 41.34181 ], [ 26.97412, 41.34568 ], [ 26.9791, 41.34971 ], [ 26.973, 41.35722 ], [ 26.97322, 41.36079 ], [ 26.97601, 41.36085 ], [ 26.97573, 41.36272 ], [ 26.9772, 41.3636 ], [ 26.97814, 41.36251 ], [ 26.98063, 41.36247 ], [ 26.98073, 41.36083 ], [ 26.98197, 41.36141 ], [ 26.98287, 41.36021 ], [ 26.98638, 41.35985 ], [ 26.98588, 41.36125 ], [ 26.98727, 41.36131 ], [ 26.98787, 41.3624 ], [ 26.98916, 41.36137 ], [ 26.99023, 41.36242 ], [ 26.98937, 41.36391 ], [ 26.99287, 41.36311 ], [ 26.99282, 41.364 ], [ 26.9952, 41.36446 ], [ 26.99433, 41.36293 ], [ 26.99579, 41.36292 ], [ 26.99632, 41.36159 ], [ 26.99734, 41.36251 ], [ 26.9993, 41.36153 ], [ 27.00103, 41.36253 ], [ 27.0046, 41.36047 ], [ 27.00344, 41.35932 ], [ 27.00074, 41.35913 ], [ 27.00225, 41.35782 ], [ 27.00351, 41.35854 ], [ 27.00485, 41.358 ], [ 27.00371, 41.35639 ], [ 27.00498, 41.35652 ], [ 27.00667, 41.35477 ], [ 27.00518, 41.35506 ], [ 27.00502, 41.35391 ], [ 27.00796, 41.35392 ], [ 27.00648, 41.35246 ], [ 27.00789, 41.35147 ], [ 27.00945, 41.34726 ], [ 27.01177, 41.34702 ], [ 27.01247, 41.34797 ], [ 27.0146, 41.34791 ], [ 27.01661, 41.34517 ], [ 27.01758, 41.34466 ], [ 27.01693, 41.34536 ], [ 27.01746, 41.34639 ], [ 27.01945, 41.34644 ], [ 27.01964, 41.34738 ], [ 27.02108, 41.34816 ], [ 27.02269, 41.34789 ], [ 27.02283, 41.34678 ], [ 27.0219, 41.3462 ], [ 27.02315, 41.34518 ], [ 27.02303, 41.34436 ], [ 27.02814, 41.3454 ], [ 27.02865, 41.34323 ], [ 27.0299, 41.34431 ], [ 27.0302, 41.34368 ], [ 27.03329, 41.34344 ], [ 27.03573, 41.34178 ], [ 27.03558, 41.34053 ], [ 27.03861, 41.3408 ], [ 27.04074, 41.34329 ], [ 27.04025, 41.34166 ], [ 27.04361, 41.34098 ], [ 27.04381, 41.34157 ], [ 27.04244, 41.34246 ], [ 27.04533, 41.34409 ], [ 27.04604, 41.34382 ], [ 27.04534, 41.34142 ], [ 27.04935, 41.34141 ], [ 27.04807, 41.34261 ], [ 27.04968, 41.34436 ], [ 27.05101, 41.34463 ], [ 27.05219, 41.34233 ], [ 27.05386, 41.34129 ], [ 27.05379, 41.34278 ], [ 27.05634, 41.34258 ], [ 27.05576, 41.34354 ], [ 27.05725, 41.34428 ], [ 27.05933, 41.34353 ], [ 27.05812, 41.34169 ], [ 27.05698, 41.34134 ], [ 27.05865, 41.34077 ], [ 27.06056, 41.34231 ], [ 27.06283, 41.34146 ], [ 27.06538, 41.34316 ], [ 27.06374, 41.34443 ], [ 27.0654, 41.34624 ], [ 27.06637, 41.34576 ], [ 27.06662, 41.34402 ], [ 27.06896, 41.34289 ], [ 27.07519, 41.34302 ], [ 27.08085, 41.34092 ], [ 27.08292, 41.33869 ], [ 27.084, 41.33427 ], [ 27.08522, 41.33251 ], [ 27.09825, 41.31854 ], [ 27.10817, 41.31089 ], [ 27.10828, 41.30681 ], [ 27.11116, 41.30368 ], [ 27.11062, 41.30162 ], [ 27.1083, 41.29951 ], [ 27.10691, 41.29607 ], [ 27.10925, 41.29347 ], [ 27.11468, 41.29108 ], [ 27.11498, 41.28979 ], [ 27.12018, 41.29016 ], [ 27.12144, 41.29426 ], [ 27.11982, 41.29679 ], [ 27.11917, 41.29982 ], [ 27.12193, 41.30601 ], [ 27.12229, 41.30832 ], [ 27.12162, 41.31045 ], [ 27.12368, 41.31133 ], [ 27.12879, 41.31752 ], [ 27.13151, 41.31586 ], [ 27.13239, 41.31609 ], [ 27.13333, 41.31278 ], [ 27.13578, 41.31162 ], [ 27.13614, 41.30991 ], [ 27.138, 41.3083 ], [ 27.14272, 41.30557 ], [ 27.1424, 41.30434 ], [ 27.14343, 41.3024 ], [ 27.14724, 41.29972 ], [ 27.14962, 41.30195 ], [ 27.15892, 41.30445 ], [ 27.16186, 41.3039 ], [ 27.16823, 41.30485 ], [ 27.17457, 41.30392 ], [ 27.18151, 41.30496 ], [ 27.18209, 41.30754 ], [ 27.17791, 41.3088 ], [ 27.17478, 41.3118 ], [ 27.16758, 41.31318 ], [ 27.1652, 41.31635 ], [ 27.16596, 41.32208 ], [ 27.16734, 41.32565 ], [ 27.169, 41.32801 ], [ 27.17196, 41.3291 ], [ 27.18496, 41.32857 ], [ 27.18803, 41.32461 ], [ 27.18836, 41.32093 ], [ 27.18959, 41.32061 ], [ 27.1908, 41.31891 ], [ 27.19235, 41.31919 ], [ 27.19468, 41.3219 ], [ 27.19238, 41.32638 ], [ 27.18898, 41.33031 ], [ 27.18841, 41.3334 ], [ 27.18592, 41.33546 ], [ 27.18063, 41.33566 ], [ 27.17904, 41.33907 ], [ 27.17761, 41.3402 ], [ 27.18067, 41.34435 ], [ 27.18085, 41.34632 ], [ 27.18015, 41.34667 ], [ 27.18152, 41.34812 ], [ 27.18036, 41.35052 ], [ 27.17781, 41.3517 ], [ 27.17363, 41.35191 ], [ 27.16263, 41.35059 ], [ 27.15993, 41.35141 ], [ 27.15602, 41.35515 ], [ 27.15376, 41.3551 ], [ 27.15187, 41.35601 ], [ 27.15156, 41.35725 ], [ 27.15427, 41.359 ], [ 27.15602, 41.35901 ], [ 27.15876, 41.35855 ], [ 27.16116, 41.35629 ], [ 27.17088, 41.35529 ], [ 27.17412, 41.35568 ], [ 27.1781, 41.35447 ], [ 27.18027, 41.35254 ], [ 27.18375, 41.35227 ], [ 27.18518, 41.35342 ], [ 27.19129, 41.35358 ], [ 27.19502, 41.35504 ], [ 27.19607, 41.35472 ], [ 27.19663, 41.35265 ], [ 27.19789, 41.35258 ], [ 27.19833, 41.35104 ], [ 27.20425, 41.35056 ], [ 27.20794, 41.34791 ], [ 27.21024, 41.34555 ], [ 27.21189, 41.33967 ], [ 27.21463, 41.33762 ], [ 27.22105, 41.33665 ], [ 27.22707, 41.32999 ], [ 27.22957, 41.32574 ], [ 27.23185, 41.32416 ], [ 27.23354, 41.32466 ], [ 27.23765, 41.32892 ], [ 27.24045, 41.33015 ], [ 27.24048, 41.32764 ], [ 27.23926, 41.32705 ], [ 27.23656, 41.32224 ], [ 27.23648, 41.31987 ], [ 27.23725, 41.31933 ], [ 27.2364, 41.31869 ], [ 27.23745, 41.31867 ], [ 27.23727, 41.31778 ], [ 27.23826, 41.31761 ], [ 27.23769, 41.31685 ], [ 27.23842, 41.31628 ], [ 27.24535, 41.31521 ], [ 27.24808, 41.31316 ], [ 27.25643, 41.31459 ], [ 27.26348, 41.31268 ], [ 27.26768, 41.31063 ], [ 27.26891, 41.30909 ], [ 27.2658, 41.30477 ], [ 27.26616, 41.30285 ], [ 27.27031, 41.29933 ], [ 27.28131, 41.29501 ], [ 27.2841, 41.29159 ], [ 27.28804, 41.29087 ], [ 27.28798, 41.28877 ], [ 27.29171, 41.28663 ], [ 27.29251, 41.28426 ], [ 27.29839, 41.2779 ], [ 27.3031, 41.26933 ], [ 27.30458, 41.26313 ], [ 27.30612, 41.26195 ], [ 27.31307, 41.2607 ], [ 27.31629, 41.26163 ], [ 27.32007, 41.261 ], [ 27.32126, 41.25924 ], [ 27.32726, 41.25811 ], [ 27.32794, 41.25709 ], [ 27.33074, 41.25817 ], [ 27.33221, 41.25618 ], [ 27.33346, 41.25633 ], [ 27.33574, 41.2532 ], [ 27.33991, 41.25036 ], [ 27.34564, 41.24883 ], [ 27.34758, 41.24697 ], [ 27.35126, 41.24688 ], [ 27.35438, 41.24506 ], [ 27.35782, 41.24481 ], [ 27.35991, 41.24607 ], [ 27.3629, 41.24538 ], [ 27.36605, 41.24644 ], [ 27.36817, 41.24595 ], [ 27.37039, 41.24471 ], [ 27.36981, 41.24388 ], [ 27.37368, 41.24243 ], [ 27.37991, 41.23843 ], [ 27.38238, 41.23468 ], [ 27.3843, 41.23518 ], [ 27.3855, 41.23422 ], [ 27.38818, 41.23498 ], [ 27.38987, 41.23411 ], [ 27.39059, 41.23494 ], [ 27.39352, 41.23505 ], [ 27.39492, 41.23489 ], [ 27.39607, 41.23374 ], [ 27.40009, 41.23435 ], [ 27.40112, 41.23086 ], [ 27.40418, 41.23085 ], [ 27.40971, 41.22922 ], [ 27.41448, 41.23085 ], [ 27.41625, 41.23069 ], [ 27.42954, 41.22592 ], [ 27.43831, 41.22974 ], [ 27.44412, 41.23464 ], [ 27.4548, 41.23918 ], [ 27.45792, 41.23581 ], [ 27.45943, 41.23532 ], [ 27.46857, 41.2403 ], [ 27.47225, 41.23892 ], [ 27.47373, 41.24028 ], [ 27.47645, 41.24098 ], [ 27.47935, 41.23996 ], [ 27.48042, 41.23795 ], [ 27.48412, 41.23894 ], [ 27.48966, 41.2364 ], [ 27.49225, 41.23643 ], [ 27.49655, 41.23409 ], [ 27.4989, 41.23466 ], [ 27.49997, 41.23597 ], [ 27.50118, 41.23487 ], [ 27.50387, 41.23524 ], [ 27.50534, 41.23465 ], [ 27.50958, 41.23811 ], [ 27.51605, 41.24045 ], [ 27.51802, 41.24294 ], [ 27.52142, 41.24466 ], [ 27.52245, 41.24654 ], [ 27.52499, 41.24745 ], [ 27.52543, 41.2492 ], [ 27.53445, 41.25342 ], [ 27.54228, 41.25863 ], [ 27.54363, 41.25845 ], [ 27.54513, 41.26028 ], [ 27.54847, 41.26109 ], [ 27.54903, 41.26237 ], [ 27.55087, 41.26207 ], [ 27.55132, 41.26361 ], [ 27.55365, 41.26337 ], [ 27.55452, 41.26482 ], [ 27.55776, 41.26586 ], [ 27.55753, 41.26682 ], [ 27.56051, 41.26744 ], [ 27.56126, 41.26848 ], [ 27.5643, 41.26868 ], [ 27.56709, 41.27149 ], [ 27.57109, 41.27322 ], [ 27.57179, 41.27709 ], [ 27.57621, 41.27957 ], [ 27.57494, 41.28127 ], [ 27.57153, 41.28343 ], [ 27.56442, 41.28562 ], [ 27.56308, 41.28775 ], [ 27.56752, 41.29405 ], [ 27.57065, 41.29709 ], [ 27.56871, 41.29738 ], [ 27.56793, 41.29679 ], [ 27.56964, 41.30097 ], [ 27.56969, 41.30626 ], [ 27.57585, 41.31294 ], [ 27.58066, 41.31484 ], [ 27.58186, 41.31704 ], [ 27.58231, 41.32125 ], [ 27.58095, 41.3247 ], [ 27.57955, 41.32619 ], [ 27.57493, 41.32957 ], [ 27.56824, 41.33175 ], [ 27.57179, 41.33521 ], [ 27.57415, 41.33892 ], [ 27.58031, 41.34272 ], [ 27.5834, 41.34698 ], [ 27.58722, 41.34962 ], [ 27.58906, 41.35415 ], [ 27.59322, 41.3585 ], [ 27.59639, 41.36057 ], [ 27.59694, 41.36198 ], [ 27.59794, 41.36203 ], [ 27.59765, 41.3643 ], [ 27.60086, 41.36621 ], [ 27.60256, 41.36839 ], [ 27.60511, 41.36948 ], [ 27.60814, 41.37617 ], [ 27.6142, 41.3797 ], [ 27.60601, 41.38913 ], [ 27.59687, 41.38815 ], [ 27.59527, 41.38682 ], [ 27.59416, 41.38744 ], [ 27.59521, 41.38841 ], [ 27.59302, 41.38904 ], [ 27.5938, 41.3912 ], [ 27.59337, 41.39275 ], [ 27.59404, 41.39294 ], [ 27.59361, 41.39458 ], [ 27.59455, 41.39561 ], [ 27.59413, 41.39808 ], [ 27.59791, 41.40085 ], [ 27.60124, 41.40538 ], [ 27.60237, 41.40557 ], [ 27.60241, 41.40687 ], [ 27.60167, 41.40743 ], [ 27.6033, 41.40981 ], [ 27.5997, 41.4119 ], [ 27.59729, 41.41756 ], [ 27.58509, 41.4382 ], [ 27.58686, 41.44266 ], [ 27.59621, 41.4448 ], [ 27.61404, 41.44687 ], [ 27.63449, 41.45171 ], [ 27.64365, 41.45555 ], [ 27.6479, 41.45336 ], [ 27.65344, 41.45341 ], [ 27.65868, 41.45089 ], [ 27.69394, 41.44418 ], [ 27.69383, 41.44709 ], [ 27.69568, 41.45044 ], [ 27.70941, 41.46618 ], [ 27.71423, 41.47004 ], [ 27.71554, 41.473 ], [ 27.71575, 41.47581 ], [ 27.71769, 41.47897 ], [ 27.72564, 41.48405 ], [ 27.72979, 41.48793 ], [ 27.73174, 41.49102 ], [ 27.74173, 41.48959 ], [ 27.74495, 41.49159 ], [ 27.75088, 41.48825 ], [ 27.75294, 41.48825 ], [ 27.75435, 41.48648 ], [ 27.75787, 41.48586 ], [ 27.7596, 41.48666 ], [ 27.76607, 41.48686 ], [ 27.77423, 41.48977 ], [ 27.78046, 41.48895 ], [ 27.79515, 41.49033 ], [ 27.79323, 41.49313 ], [ 27.79291, 41.4952 ], [ 27.79417, 41.49855 ], [ 27.79899, 41.50408 ], [ 27.80733, 41.51075 ], [ 27.80901, 41.5149 ], [ 27.81668, 41.51911 ], [ 27.81461, 41.52192 ], [ 27.81486, 41.52387 ], [ 27.81964, 41.53415 ], [ 27.82197, 41.53527 ], [ 27.82096, 41.53648 ], [ 27.82498, 41.54275 ], [ 27.82993, 41.53922 ], [ 27.83378, 41.53453 ], [ 27.83701, 41.53234 ], [ 27.83887, 41.5295 ], [ 27.84576, 41.52363 ], [ 27.85812, 41.51961 ], [ 27.88224, 41.5072 ], [ 27.88654, 41.49613 ], [ 27.88432, 41.48873 ], [ 27.88652, 41.48387 ], [ 27.89564, 41.48429 ], [ 27.89653, 41.48929 ], [ 27.89858, 41.49045 ], [ 27.89949, 41.49273 ], [ 27.90452, 41.49094 ], [ 27.90687, 41.49619 ], [ 27.91094, 41.49801 ], [ 27.9114, 41.50187 ], [ 27.91376, 41.50464 ], [ 27.91384, 41.50624 ], [ 27.91819, 41.51104 ], [ 27.91898, 41.514 ], [ 27.921, 41.51587 ], [ 27.92132, 41.51744 ], [ 27.92892, 41.52328 ], [ 27.93359, 41.52896 ], [ 27.93642, 41.53625 ], [ 27.93459, 41.53812 ], [ 27.9315, 41.53926 ], [ 27.93277, 41.5421 ], [ 27.93185, 41.54528 ], [ 27.93282, 41.54782 ], [ 27.9345, 41.54913 ], [ 27.9363, 41.55489 ], [ 27.93821, 41.55491 ], [ 27.94344, 41.55175 ], [ 27.9449, 41.55171 ], [ 27.94666, 41.5526 ], [ 27.94802, 41.55785 ], [ 27.95026, 41.55929 ], [ 27.95439, 41.56027 ], [ 27.95369, 41.56255 ], [ 27.95724, 41.5669 ], [ 27.9569, 41.57022 ], [ 27.95521, 41.57197 ], [ 27.95452, 41.57443 ], [ 27.95438, 41.5775 ], [ 27.95579, 41.57938 ], [ 27.95782, 41.58029 ], [ 27.9591, 41.58337 ], [ 27.96438, 41.5851 ], [ 27.96562, 41.58639 ], [ 27.96489, 41.58917 ], [ 27.96213, 41.59203 ], [ 27.96233, 41.59304 ], [ 27.96805, 41.5898 ], [ 27.97191, 41.59097 ], [ 27.97259, 41.59222 ], [ 27.9749, 41.59189 ], [ 27.97627, 41.59271 ], [ 27.97896, 41.59244 ], [ 27.98259, 41.59037 ], [ 27.98634, 41.58975 ], [ 27.98755, 41.58855 ], [ 27.98706, 41.58434 ], [ 27.98861, 41.57938 ], [ 27.98981, 41.57803 ], [ 27.98949, 41.57596 ], [ 27.99093, 41.57382 ], [ 27.99589, 41.56937 ], [ 27.99929, 41.56886 ], [ 27.99831, 41.56736 ], [ 27.99936, 41.56396 ], [ 28.00617, 41.56151 ], [ 28.00646, 41.56051 ], [ 28.00954, 41.55937 ], [ 28.01031, 41.56161 ], [ 28.0149, 41.56277 ], [ 28.01417, 41.56408 ], [ 28.0117, 41.56481 ], [ 28.01315, 41.56845 ], [ 28.01215, 41.57025 ], [ 28.01455, 41.5722 ], [ 28.01363, 41.57409 ], [ 28.01545, 41.57584 ], [ 28.01569, 41.57831 ], [ 28.0126, 41.57899 ], [ 28.01383, 41.5837 ], [ 28.01116, 41.58434 ], [ 28.01126, 41.58492 ], [ 28.01506, 41.5884 ], [ 28.01909, 41.58874 ], [ 28.02001, 41.59159 ], [ 28.02218, 41.59173 ], [ 28.02425, 41.59368 ], [ 28.027, 41.59354 ], [ 28.02713, 41.59567 ], [ 28.03194, 41.59444 ], [ 28.03557, 41.59508 ], [ 28.03601, 41.59406 ], [ 28.03734, 41.59478 ], [ 28.03807, 41.59569 ], [ 28.03788, 41.59751 ], [ 28.03564, 41.59933 ], [ 28.03981, 41.60288 ], [ 28.04337, 41.60335 ], [ 28.04319, 41.60646 ], [ 28.0416, 41.60918 ], [ 28.04675, 41.60857 ], [ 28.04708, 41.61139 ], [ 28.05069, 41.61302 ], [ 28.04871, 41.61521 ] ] ] } },
{ "type": "Feature", "properties": { "name": "VİZE" }, "geometry": { "type": "Polygon", "coordinates": [ [ [ 28.00278, 41.78805 ], [ 28.0073, 41.78269 ], [ 28.00682, 41.78044 ], [ 28.01117, 41.77832 ], [ 28.01287, 41.77436 ], [ 28.01593, 41.77629 ], [ 28.01761, 41.77588 ], [ 28.01633, 41.77516 ], [ 28.01653, 41.77421 ], [ 28.02387, 41.76648 ], [ 28.02522, 41.76538 ], [ 28.02931, 41.76499 ], [ 28.02837, 41.76426 ], [ 28.02948, 41.76393 ], [ 28.03047, 41.76139 ], [ 28.03215, 41.761 ], [ 28.03231, 41.76205 ], [ 28.03406, 41.76135 ], [ 28.03428, 41.7601 ], [ 28.03507, 41.76036 ], [ 28.03604, 41.75937 ], [ 28.03515, 41.75894 ], [ 28.03537, 41.75812 ], [ 28.03773, 41.75624 ], [ 28.03796, 41.7543 ], [ 28.04206, 41.7528 ], [ 28.04197, 41.75097 ], [ 28.04064, 41.75043 ], [ 28.04121, 41.749 ], [ 28.04004, 41.7484 ], [ 28.04131, 41.74681 ], [ 28.04338, 41.74592 ], [ 28.04346, 41.74458 ], [ 28.04232, 41.74326 ], [ 28.04338, 41.74195 ], [ 28.04243, 41.74172 ], [ 28.04395, 41.74027 ], [ 28.04345, 41.739 ], [ 28.0401, 41.73867 ], [ 28.03934, 41.73543 ], [ 28.0408, 41.73293 ], [ 28.04065, 41.73161 ], [ 28.04317, 41.72964 ], [ 28.0456, 41.72966 ], [ 28.0449, 41.7258 ], [ 28.05052, 41.71968 ], [ 28.0556, 41.71788 ], [ 28.05643, 41.71584 ], [ 28.06066, 41.71377 ], [ 28.06242, 41.71138 ], [ 28.06242, 41.70668 ], [ 28.06429, 41.70257 ], [ 28.06788, 41.69956 ], [ 28.0697, 41.69917 ], [ 28.07287, 41.69551 ], [ 28.07851, 41.69203 ], [ 28.08172, 41.69059 ], [ 28.08446, 41.69115 ], [ 28.08786, 41.68988 ], [ 28.08929, 41.68736 ], [ 28.09062, 41.68744 ], [ 28.09117, 41.68543 ], [ 28.09239, 41.68498 ], [ 28.09306, 41.68245 ], [ 28.09448, 41.68233 ], [ 28.09538, 41.68112 ], [ 28.09743, 41.68124 ], [ 28.0977, 41.68028 ], [ 28.09924, 41.67987 ], [ 28.0998, 41.67815 ], [ 28.09839, 41.67724 ], [ 28.09999, 41.67621 ], [ 28.09972, 41.67357 ], [ 28.10138, 41.67288 ], [ 28.10112, 41.67094 ], [ 28.10484, 41.66968 ], [ 28.10467, 41.66783 ], [ 28.10278, 41.6666 ], [ 28.09859, 41.66584 ], [ 28.09734, 41.66474 ], [ 28.09743, 41.66369 ], [ 28.09044, 41.66317 ], [ 28.08797, 41.65606 ], [ 28.08889, 41.64978 ], [ 28.09194, 41.64309 ], [ 28.093, 41.64276 ], [ 28.09438, 41.63838 ], [ 28.09839, 41.63732 ], [ 28.09801, 41.63543 ], [ 28.09963, 41.63341 ], [ 28.10283, 41.6318 ], [ 28.09765, 41.63293 ], [ 28.09641, 41.63229 ], [ 28.09638, 41.63142 ], [ 28.10092, 41.63082 ], [ 28.1006, 41.6298 ], [ 28.10259, 41.62736 ], [ 28.1065, 41.6251 ], [ 28.10764, 41.62361 ], [ 28.10958, 41.62328 ], [ 28.11161, 41.6195 ], [ 28.11405, 41.61827 ], [ 28.11401, 41.61647 ], [ 28.11464, 41.61725 ], [ 28.11813, 41.61654 ], [ 28.11908, 41.61476 ], [ 28.12059, 41.61444 ], [ 28.12023, 41.61177 ], [ 28.12102, 41.61093 ], [ 28.12483, 41.61118 ], [ 28.12683, 41.6097 ], [ 28.12704, 41.60754 ], [ 28.12934, 41.6067 ], [ 28.12863, 41.60441 ], [ 28.13214, 41.60325 ], [ 28.13218, 41.60386 ], [ 28.1337, 41.60419 ], [ 28.13873, 41.59946 ], [ 28.14066, 41.59824 ], [ 28.14311, 41.59801 ], [ 28.14327, 41.5952 ], [ 28.14655, 41.59316 ], [ 28.14581, 41.59254 ], [ 28.14681, 41.59178 ], [ 28.1423, 41.59015 ], [ 28.14125, 41.59044 ], [ 28.13458, 41.5936 ], [ 28.13309, 41.59483 ], [ 28.13246, 41.5967 ], [ 28.12889, 41.59455 ], [ 28.13035, 41.59382 ], [ 28.13072, 41.59268 ], [ 28.12823, 41.59253 ], [ 28.12603, 41.59383 ], [ 28.1262, 41.59675 ], [ 28.12389, 41.59494 ], [ 28.12066, 41.59659 ], [ 28.12023, 41.59459 ], [ 28.11802, 41.5954 ], [ 28.1145, 41.59389 ], [ 28.11171, 41.59453 ], [ 28.11164, 41.59185 ], [ 28.11034, 41.59127 ], [ 28.10933, 41.59131 ], [ 28.10797, 41.59383 ], [ 28.106, 41.5943 ], [ 28.10241, 41.59057 ], [ 28.10295, 41.58832 ], [ 28.09781, 41.58643 ], [ 28.09725, 41.58414 ], [ 28.09563, 41.58354 ], [ 28.09573, 41.58273 ], [ 28.09394, 41.58254 ], [ 28.09197, 41.58107 ], [ 28.08032, 41.58303 ], [ 28.07847, 41.58444 ], [ 28.07171, 41.5846 ], [ 28.07012, 41.58661 ], [ 28.06782, 41.5866 ], [ 28.06712, 41.5876 ], [ 28.07214, 41.58864 ], [ 28.07285, 41.591 ], [ 28.07168, 41.59214 ], [ 28.06866, 41.59307 ], [ 28.06708, 41.5961 ], [ 28.06314, 41.59817 ], [ 28.06153, 41.59754 ], [ 28.06193, 41.59839 ], [ 28.05978, 41.60078 ], [ 28.06026, 41.60358 ], [ 28.05588, 41.6043 ], [ 28.05723, 41.60569 ], [ 28.05635, 41.60715 ], [ 28.05814, 41.60929 ], [ 28.05812, 41.61034 ], [ 28.05328, 41.61197 ], [ 28.05232, 41.61594 ], [ 28.04998, 41.61595 ], [ 28.0487, 41.61513 ], [ 28.05069, 41.61302 ], [ 28.04708, 41.61139 ], [ 28.04675, 41.60857 ], [ 28.04156, 41.6091 ], [ 28.04319, 41.60646 ], [ 28.0433, 41.60322 ], [ 28.03981, 41.60288 ], [ 28.03564, 41.59933 ], [ 28.03788, 41.59751 ], [ 28.03807, 41.59569 ], [ 28.03734, 41.59478 ], [ 28.03601, 41.59406 ], [ 28.03557, 41.59508 ], [ 28.03194, 41.59444 ], [ 28.02713, 41.59567 ], [ 28.027, 41.59354 ], [ 28.02425, 41.59368 ], [ 28.02218, 41.59173 ], [ 28.02001, 41.59159 ], [ 28.01909, 41.58874 ], [ 28.01506, 41.5884 ], [ 28.01126, 41.58492 ], [ 28.01116, 41.58434 ], [ 28.01383, 41.5837 ], [ 28.0126, 41.57899 ], [ 28.01569, 41.57831 ], [ 28.01545, 41.57584 ], [ 28.01363, 41.57409 ], [ 28.01455, 41.5722 ], [ 28.01215, 41.57025 ], [ 28.01315, 41.56845 ], [ 28.0117, 41.56481 ], [ 28.01417, 41.56408 ], [ 28.0149, 41.56277 ], [ 28.01031, 41.56161 ], [ 28.00954, 41.55937 ], [ 28.00646, 41.56051 ], [ 28.00617, 41.56151 ], [ 27.99936, 41.56396 ], [ 27.99831, 41.56736 ], [ 27.99929, 41.56886 ], [ 27.99589, 41.56937 ], [ 27.99093, 41.57382 ], [ 27.98949, 41.57596 ], [ 27.98981, 41.57803 ], [ 27.98861, 41.57938 ], [ 27.98706, 41.58434 ], [ 27.98755, 41.58855 ], [ 27.98634, 41.58975 ], [ 27.98259, 41.59037 ], [ 27.97896, 41.59244 ], [ 27.97627, 41.59271 ], [ 27.9749, 41.59189 ], [ 27.97259, 41.59222 ], [ 27.97191, 41.59097 ], [ 27.96805, 41.5898 ], [ 27.96233, 41.59304 ], [ 27.96213, 41.59203 ], [ 27.96489, 41.58917 ], [ 27.96562, 41.58639 ], [ 27.96438, 41.5851 ], [ 27.9591, 41.58337 ], [ 27.95782, 41.58029 ], [ 27.95579, 41.57938 ], [ 27.95438, 41.5775 ], [ 27.95452, 41.57443 ], [ 27.95521, 41.57197 ], [ 27.9569, 41.57022 ], [ 27.95724, 41.5669 ], [ 27.95369, 41.56255 ], [ 27.95439, 41.56027 ], [ 27.95026, 41.55929 ], [ 27.94802, 41.55785 ], [ 27.94666, 41.5526 ], [ 27.9449, 41.55171 ], [ 27.94344, 41.55175 ], [ 27.93821, 41.55491 ], [ 27.9363, 41.55489 ], [ 27.9345, 41.54913 ], [ 27.93282, 41.54782 ], [ 27.93185, 41.54528 ], [ 27.93277, 41.5421 ], [ 27.9315, 41.53926 ], [ 27.93459, 41.53812 ], [ 27.93642, 41.53625 ], [ 27.93359, 41.52896 ], [ 27.92892, 41.52328 ], [ 27.92132, 41.51744 ], [ 27.921, 41.51587 ], [ 27.91898, 41.514 ], [ 27.91819, 41.51104 ], [ 27.91384, 41.50624 ], [ 27.91376, 41.50464 ], [ 27.9114, 41.50187 ], [ 27.91094, 41.49801 ], [ 27.90687, 41.49619 ], [ 27.90452, 41.49094 ], [ 27.89949, 41.49273 ], [ 27.89858, 41.49045 ], [ 27.89653, 41.48929 ], [ 27.89564, 41.48429 ], [ 27.88652, 41.48387 ], [ 27.88432, 41.48873 ], [ 27.88654, 41.49613 ], [ 27.88224, 41.5072 ], [ 27.85812, 41.51961 ], [ 27.84576, 41.52363 ], [ 27.83887, 41.5295 ], [ 27.83701, 41.53234 ], [ 27.83378, 41.53453 ], [ 27.82993, 41.53922 ], [ 27.82498, 41.54275 ], [ 27.82096, 41.53648 ], [ 27.82197, 41.53527 ], [ 27.81964, 41.53415 ], [ 27.81486, 41.52387 ], [ 27.81461, 41.52192 ], [ 27.81668, 41.51911 ], [ 27.80901, 41.5149 ], [ 27.80733, 41.51075 ], [ 27.79899, 41.50408 ], [ 27.79417, 41.49855 ], [ 27.79291, 41.4952 ], [ 27.79323, 41.49313 ], [ 27.79515, 41.49033 ], [ 27.78046, 41.48895 ], [ 27.77423, 41.48977 ], [ 27.76607, 41.48686 ], [ 27.7596, 41.48666 ], [ 27.75787, 41.48586 ], [ 27.75435, 41.48648 ], [ 27.75294, 41.48825 ], [ 27.75088, 41.48825 ], [ 27.74495, 41.49159 ], [ 27.74173, 41.48959 ], [ 27.73174, 41.49102 ], [ 27.72979, 41.48793 ], [ 27.72564, 41.48405 ], [ 27.71769, 41.47897 ], [ 27.71575, 41.47581 ], [ 27.71554, 41.473 ], [ 27.71423, 41.47004 ], [ 27.70941, 41.46618 ], [ 27.69568, 41.45044 ], [ 27.69383, 41.44709 ], [ 27.69394, 41.44418 ], [ 27.65868, 41.45089 ], [ 27.65344, 41.45341 ], [ 27.6479, 41.45336 ], [ 27.64365, 41.45555 ], [ 27.63449, 41.45171 ], [ 27.61404, 41.44687 ], [ 27.58828, 41.44328 ], [ 27.58668, 41.4425 ], [ 27.5858, 41.44057 ], [ 27.58316, 41.44251 ], [ 27.58279, 41.44524 ], [ 27.58551, 41.44754 ], [ 27.58527, 41.45103 ], [ 27.5865, 41.45375 ], [ 27.58463, 41.45495 ], [ 27.58509, 41.4579 ], [ 27.58305, 41.46308 ], [ 27.58149, 41.46429 ], [ 27.58155, 41.46591 ], [ 27.58033, 41.46743 ], [ 27.58094, 41.46815 ], [ 27.57884, 41.47247 ], [ 27.58123, 41.47504 ], [ 27.58123, 41.47603 ], [ 27.58414, 41.4771 ], [ 27.58314, 41.48016 ], [ 27.58878, 41.48381 ], [ 27.59081, 41.48747 ], [ 27.59317, 41.48961 ], [ 27.59433, 41.49332 ], [ 27.59928, 41.49943 ], [ 27.6006, 41.5022 ], [ 27.60416, 41.50502 ], [ 27.60477, 41.51261 ], [ 27.60211, 41.51611 ], [ 27.6039, 41.51982 ], [ 27.60394, 41.52682 ], [ 27.60486, 41.52936 ], [ 27.60407, 41.53315 ], [ 27.60573, 41.53877 ], [ 27.60831, 41.54167 ], [ 27.60966, 41.54949 ], [ 27.61331, 41.55813 ], [ 27.61541, 41.56243 ], [ 27.61799, 41.56492 ], [ 27.61945, 41.56788 ], [ 27.61162, 41.5667 ], [ 27.60813, 41.56721 ], [ 27.60586, 41.56652 ], [ 27.60292, 41.5672 ], [ 27.59963, 41.56524 ], [ 27.5977, 41.56736 ], [ 27.5937, 41.56788 ], [ 27.59362, 41.56992 ], [ 27.59088, 41.57125 ], [ 27.60426, 41.58587 ], [ 27.60675, 41.59359 ], [ 27.60457, 41.59541 ], [ 27.60507, 41.59654 ], [ 27.61186, 41.60139 ], [ 27.61479, 41.60505 ], [ 27.61883, 41.60534 ], [ 27.62122, 41.60648 ], [ 27.62688, 41.60094 ], [ 27.62769, 41.60317 ], [ 27.62905, 41.60393 ], [ 27.62825, 41.6054 ], [ 27.62932, 41.60592 ], [ 27.62887, 41.60706 ], [ 27.6304, 41.61125 ], [ 27.63289, 41.61277 ], [ 27.63425, 41.61275 ], [ 27.6374, 41.61488 ], [ 27.63747, 41.61589 ], [ 27.63961, 41.61676 ], [ 27.64005, 41.62007 ], [ 27.64185, 41.6226 ], [ 27.64423, 41.62337 ], [ 27.6292, 41.62628 ], [ 27.62526, 41.62391 ], [ 27.62217, 41.62379 ], [ 27.62339, 41.6312 ], [ 27.62824, 41.63794 ], [ 27.62763, 41.64051 ], [ 27.62465, 41.64383 ], [ 27.6245, 41.64777 ], [ 27.62695, 41.65263 ], [ 27.63151, 41.65595 ], [ 27.63303, 41.6589 ], [ 27.63593, 41.66153 ], [ 27.6376, 41.66731 ], [ 27.63697, 41.66927 ], [ 27.63787, 41.67068 ], [ 27.63971, 41.67144 ], [ 27.64542, 41.67112 ], [ 27.64988, 41.66864 ], [ 27.65059, 41.66653 ], [ 27.65371, 41.67071 ], [ 27.65546, 41.67138 ], [ 27.65945, 41.6762 ], [ 27.66257, 41.67688 ], [ 27.66489, 41.6795 ], [ 27.66551, 41.68429 ], [ 27.66475, 41.69254 ], [ 27.66519, 41.69495 ], [ 27.664, 41.69973 ], [ 27.66197, 41.70292 ], [ 27.66503, 41.71258 ], [ 27.66503, 41.71416 ], [ 27.66389, 41.71435 ], [ 27.6634, 41.71573 ], [ 27.66553, 41.72437 ], [ 27.67328, 41.73242 ], [ 27.67886, 41.73261 ], [ 27.68219, 41.7301 ], [ 27.6805, 41.73838 ], [ 27.67701, 41.74413 ], [ 27.68095, 41.74323 ], [ 27.68475, 41.741 ], [ 27.68194, 41.74612 ], [ 27.69129, 41.75003 ], [ 27.69372, 41.75223 ], [ 27.70445, 41.74303 ], [ 27.70991, 41.74467 ], [ 27.71068, 41.74785 ], [ 27.71362, 41.75273 ], [ 27.72179, 41.75575 ], [ 27.72193, 41.75936 ], [ 27.7258, 41.75991 ], [ 27.72707, 41.76184 ], [ 27.73186, 41.76503 ], [ 27.73149, 41.76653 ], [ 27.73366, 41.76951 ], [ 27.7339, 41.77168 ], [ 27.73808, 41.77019 ], [ 27.74048, 41.77069 ], [ 27.74456, 41.77572 ], [ 27.74734, 41.77793 ], [ 27.74945, 41.77851 ], [ 27.75135, 41.77819 ], [ 27.75394, 41.77642 ], [ 27.76739, 41.77834 ], [ 27.77262, 41.77634 ], [ 27.77898, 41.77564 ], [ 27.7825, 41.77253 ], [ 27.78254, 41.77098 ], [ 27.78408, 41.76953 ], [ 27.78115, 41.76769 ], [ 27.78034, 41.76622 ], [ 27.78941, 41.76484 ], [ 27.79222, 41.76234 ], [ 27.79522, 41.76117 ], [ 27.79726, 41.7619 ], [ 27.80154, 41.76089 ], [ 27.80363, 41.76234 ], [ 27.804, 41.76425 ], [ 27.80838, 41.76338 ], [ 27.81642, 41.76429 ], [ 27.82095, 41.76329 ], [ 27.82373, 41.76551 ], [ 27.83039, 41.76369 ], [ 27.83387, 41.76365 ], [ 27.83809, 41.75843 ], [ 27.83767, 41.75662 ], [ 27.8385, 41.75438 ], [ 27.83607, 41.74947 ], [ 27.84001, 41.74815 ], [ 27.84767, 41.75004 ], [ 27.84877, 41.75111 ], [ 27.8506, 41.75108 ], [ 27.85608, 41.75451 ], [ 27.86141, 41.76068 ], [ 27.86136, 41.76174 ], [ 27.86284, 41.76243 ], [ 27.86343, 41.76402 ], [ 27.86288, 41.76487 ], [ 27.8639, 41.76527 ], [ 27.86371, 41.7675 ], [ 27.86433, 41.76801 ], [ 27.87089, 41.76533 ], [ 27.87695, 41.77193 ], [ 27.87588, 41.77501 ], [ 27.88158, 41.77366 ], [ 27.8802, 41.7722 ], [ 27.88435, 41.77068 ], [ 27.88417, 41.77316 ], [ 27.88515, 41.77455 ], [ 27.88696, 41.77417 ], [ 27.88805, 41.77528 ], [ 27.88941, 41.77533 ], [ 27.89239, 41.77183 ], [ 27.89447, 41.77372 ], [ 27.89656, 41.77389 ], [ 27.89733, 41.77626 ], [ 27.89675, 41.77758 ], [ 27.90114, 41.77821 ], [ 27.90323, 41.77596 ], [ 27.90519, 41.77717 ], [ 27.90985, 41.77556 ], [ 27.91217, 41.77083 ], [ 27.9108, 41.76883 ], [ 27.9141, 41.76867 ], [ 27.91442, 41.76611 ], [ 27.91327, 41.76451 ], [ 27.91377, 41.76286 ], [ 27.90878, 41.75899 ], [ 27.91335, 41.75483 ], [ 27.91328, 41.75218 ], [ 27.91561, 41.74772 ], [ 27.91729, 41.74623 ], [ 27.91907, 41.74608 ], [ 27.92122, 41.74819 ], [ 27.92291, 41.7486 ], [ 27.92061, 41.75032 ], [ 27.92802, 41.75804 ], [ 27.92519, 41.75921 ], [ 27.92698, 41.76191 ], [ 27.92456, 41.76517 ], [ 27.92847, 41.76742 ], [ 27.93034, 41.77247 ], [ 27.93307, 41.77404 ], [ 27.93412, 41.77266 ], [ 27.93789, 41.772 ], [ 27.94703, 41.77495 ], [ 27.95352, 41.77375 ], [ 27.95738, 41.77487 ], [ 27.96123, 41.7781 ], [ 27.9608, 41.77994 ], [ 27.96334, 41.782 ], [ 27.96625, 41.78083 ], [ 27.9829, 41.78518 ], [ 27.9918, 41.78548 ], [ 27.99395, 41.78632 ], [ 27.99866, 41.78484 ], [ 28.00039, 41.78573 ], [ 28.0015, 41.78798 ], [ 28.00278, 41.78805 ] ] ] } },
{ "type": "Feature", "properties": { "name": "ÇATALCA" }, "geometry": { "type": "Polygon", "coordinates": [ [ [ 28.14562, 41.5836 ], [ 28.15287, 41.57926 ], [ 28.15515, 41.57942 ], [ 28.15606, 41.58051 ], [ 28.15693, 41.57968 ], [ 28.1652, 41.57889 ], [ 28.16733, 41.57757 ], [ 28.16623, 41.57524 ], [ 28.16771, 41.57492 ], [ 28.16787, 41.57417 ], [ 28.17174, 41.5742 ], [ 28.17244, 41.57316 ], [ 28.17688, 41.57307 ], [ 28.17725, 41.57257 ], [ 28.17502, 41.57227 ], [ 28.17647, 41.57163 ], [ 28.17919, 41.57252 ], [ 28.1827, 41.57137 ], [ 28.18213, 41.57065 ], [ 28.18285, 41.56982 ], [ 28.18264, 41.56853 ], [ 28.18477, 41.56847 ], [ 28.1867, 41.56706 ], [ 28.18173, 41.56545 ], [ 28.18104, 41.56342 ], [ 28.18308, 41.56119 ], [ 28.18538, 41.56078 ], [ 28.18833, 41.55866 ], [ 28.18796, 41.55745 ], [ 28.1856, 41.55693 ], [ 28.18629, 41.55409 ], [ 28.18897, 41.55285 ], [ 28.19281, 41.55257 ], [ 28.19267, 41.54821 ], [ 28.19535, 41.54884 ], [ 28.1995, 41.54836 ], [ 28.19923, 41.54519 ], [ 28.20583, 41.53952 ], [ 28.20601, 41.53859 ], [ 28.2086, 41.53788 ], [ 28.21189, 41.53444 ], [ 28.21745, 41.53149 ], [ 28.21831, 41.53022 ], [ 28.22184, 41.52931 ], [ 28.21865, 41.52786 ], [ 28.22053, 41.52465 ], [ 28.22412, 41.5232 ], [ 28.22634, 41.52458 ], [ 28.22907, 41.52489 ], [ 28.22954, 41.52401 ], [ 28.23222, 41.52369 ], [ 28.23166, 41.52157 ], [ 28.23638, 41.51888 ], [ 28.23752, 41.51697 ], [ 28.23863, 41.51722 ], [ 28.24325, 41.51557 ], [ 28.24425, 41.51599 ], [ 28.24411, 41.51492 ], [ 28.24734, 41.51424 ], [ 28.248, 41.51235 ], [ 28.24713, 41.51131 ], [ 28.24922, 41.51059 ], [ 28.25039, 41.51144 ], [ 28.25155, 41.51109 ], [ 28.25573, 41.50789 ], [ 28.25989, 41.50725 ], [ 28.26162, 41.50525 ], [ 28.26096, 41.50402 ], [ 28.26204, 41.50273 ], [ 28.2685, 41.50005 ], [ 28.27275, 41.49623 ], [ 28.27844, 41.49549 ], [ 28.28006, 41.4938 ], [ 28.28494, 41.49132 ], [ 28.3118, 41.48096 ], [ 28.41287, 41.4386 ], [ 28.46507, 41.41959 ], [ 28.48602, 41.41016 ], [ 28.48732, 41.41039 ], [ 28.50001, 41.40461 ], [ 28.52572, 41.39544 ], [ 28.53848, 41.38989 ], [ 28.54762, 41.38815 ], [ 28.55726, 41.38521 ], [ 28.56384, 41.38246 ], [ 28.5651, 41.38084 ], [ 28.56839, 41.37984 ], [ 28.57782, 41.37412 ], [ 28.60494, 41.36285 ], [ 28.60928, 41.36197 ], [ 28.61235, 41.35987 ], [ 28.62629, 41.35437 ], [ 28.64417, 41.34926 ], [ 28.65012, 41.34999 ], [ 28.65395, 41.3486 ], [ 28.65656, 41.34892 ], [ 28.66, 41.3467 ], [ 28.67372, 41.34273 ], [ 28.67776, 41.34351 ], [ 28.68002, 41.34631 ], [ 28.67934, 41.34766 ], [ 28.68306, 41.34841 ], [ 28.68444, 41.34791 ], [ 28.68548, 41.34567 ], [ 28.68782, 41.34521 ], [ 28.68691, 41.34433 ], [ 28.68706, 41.34319 ], [ 28.68629, 41.34492 ], [ 28.68389, 41.34465 ], [ 28.68404, 41.34334 ], [ 28.68555, 41.34342 ], [ 28.68618, 41.34157 ], [ 28.72161, 41.32799 ], [ 28.72955, 41.32582 ], [ 28.73587, 41.3278 ], [ 28.75072, 41.32242 ], [ 28.76118, 41.32124 ], [ 28.75841, 41.30167 ], [ 28.76168, 41.29767 ], [ 28.75824, 41.2903 ], [ 28.75988, 41.28441 ], [ 28.75824, 41.28176 ], [ 28.76151, 41.27748 ], [ 28.76189, 41.27443 ], [ 28.766, 41.26994 ], [ 28.76424, 41.26907 ], [ 28.7631, 41.2671 ], [ 28.7614, 41.26679 ], [ 28.76132, 41.2657 ], [ 28.75793, 41.26617 ], [ 28.75581, 41.26431 ], [ 28.75122, 41.26498 ], [ 28.74498, 41.26306 ], [ 28.74696, 41.26818 ], [ 28.74481, 41.27403 ], [ 28.74605, 41.27785 ], [ 28.74585, 41.28097 ], [ 28.74222, 41.28441 ], [ 28.73227, 41.28911 ], [ 28.73079, 41.28938 ], [ 28.72883, 41.28845 ], [ 28.72503, 41.28499 ], [ 28.71975, 41.28509 ], [ 28.71675, 41.28164 ], [ 28.71349, 41.2826 ], [ 28.71227, 41.28022 ], [ 28.70873, 41.27945 ], [ 28.69905, 41.28504 ], [ 28.69768, 41.28859 ], [ 28.69187, 41.29289 ], [ 28.68549, 41.29561 ], [ 28.67507, 41.29572 ], [ 28.6782, 41.2909 ], [ 28.67929, 41.28646 ], [ 28.67887, 41.28441 ], [ 28.67992, 41.28236 ], [ 28.67498, 41.26829 ], [ 28.67527, 41.26567 ], [ 28.67563, 41.26384 ], [ 28.67884, 41.26288 ], [ 28.68053, 41.25786 ], [ 28.67705, 41.25305 ], [ 28.67773, 41.24665 ], [ 28.67643, 41.24529 ], [ 28.67615, 41.24194 ], [ 28.67159, 41.23679 ], [ 28.67542, 41.23389 ], [ 28.68281, 41.23256 ], [ 28.68367, 41.23072 ], [ 28.68332, 41.22811 ], [ 28.68553, 41.22644 ], [ 28.6859, 41.22366 ], [ 28.68744, 41.22153 ], [ 28.68903, 41.21615 ], [ 28.68722, 41.21662 ], [ 28.68472, 41.21551 ], [ 28.68224, 41.216 ], [ 28.67223, 41.21155 ], [ 28.66969, 41.21146 ], [ 28.66723, 41.20808 ], [ 28.65974, 41.20467 ], [ 28.65472, 41.20052 ], [ 28.65265, 41.19374 ], [ 28.64539, 41.18812 ], [ 28.64702, 41.18633 ], [ 28.64916, 41.18635 ], [ 28.65307, 41.18017 ], [ 28.65605, 41.17745 ], [ 28.65524, 41.17457 ], [ 28.65814, 41.1733 ], [ 28.65871, 41.17143 ], [ 28.65961, 41.17102 ], [ 28.66037, 41.16938 ], [ 28.6597, 41.16808 ], [ 28.66025, 41.16393 ], [ 28.66186, 41.16062 ], [ 28.66163, 41.15818 ], [ 28.66257, 41.15519 ], [ 28.6665, 41.14929 ], [ 28.67285, 41.14433 ], [ 28.67487, 41.14166 ], [ 28.68272, 41.13601 ], [ 28.68443, 41.13345 ], [ 28.68532, 41.12964 ], [ 28.68742, 41.12722 ], [ 28.6947, 41.12333 ], [ 28.69626, 41.12164 ], [ 28.6965, 41.12109 ], [ 28.69218, 41.11974 ], [ 28.6888, 41.11749 ], [ 28.68779, 41.11404 ], [ 28.68552, 41.11177 ], [ 28.68227, 41.11044 ], [ 28.68065, 41.10789 ], [ 28.68439, 41.10102 ], [ 28.68537, 41.09685 ], [ 28.68504, 41.0934 ], [ 28.68387, 41.09197 ], [ 28.68475, 41.08664 ], [ 28.68363, 41.08484 ], [ 28.6827, 41.08029 ], [ 28.68489, 41.07922 ], [ 28.69069, 41.07402 ], [ 28.6921, 41.06968 ], [ 28.69415, 41.06795 ], [ 28.6953, 41.06514 ], [ 28.69759, 41.06324 ], [ 28.70041, 41.05685 ], [ 28.70205, 41.05562 ], [ 28.70717, 41.04432 ], [ 28.71493, 41.03906 ], [ 28.7188, 41.033 ], [ 28.71854, 41.02998 ], [ 28.72104, 41.02469 ], [ 28.7213, 41.02239 ], [ 28.72065, 41.02162 ], [ 28.72168, 41.02067 ], [ 28.72117, 41.02038 ], [ 28.7224, 41.01706 ], [ 28.72051, 41.01492 ], [ 28.71937, 41.01049 ], [ 28.72207, 41.00795 ], [ 28.72686, 41.00548 ], [ 28.72739, 41.00182 ], [ 28.73157, 40.99904 ], [ 28.73273, 40.99483 ], [ 28.73805, 40.98495 ], [ 28.74157, 40.9835 ], [ 28.74956, 40.98244 ], [ 28.74964, 40.97704 ], [ 28.74479, 40.9751 ], [ 28.74154, 40.97196 ], [ 28.73975, 40.9713 ], [ 28.73122, 40.97207 ], [ 28.72179, 40.97053 ], [ 28.71485, 40.9718 ], [ 28.71469, 40.97063 ], [ 28.71614, 40.97023 ], [ 28.71542, 40.97015 ], [ 28.71433, 40.97067 ], [ 28.71432, 40.97212 ], [ 28.71169, 40.97283 ], [ 28.70003, 40.97385 ], [ 28.69948, 40.97298 ], [ 28.69944, 40.97379 ], [ 28.69804, 40.9738 ], [ 28.69516, 40.97225 ], [ 28.6953, 40.97089 ], [ 28.69499, 40.9723 ], [ 28.69105, 40.97212 ], [ 28.68968, 40.97072 ], [ 28.6873, 40.97006 ], [ 28.68681, 40.96827 ], [ 28.68638, 40.96886 ], [ 28.68434, 40.96864 ], [ 28.68444, 40.96328 ], [ 28.68358, 40.96856 ], [ 28.68257, 40.96847 ], [ 28.68266, 40.96669 ], [ 28.68227, 40.96847 ], [ 28.68149, 40.96851 ], [ 28.68135, 40.96658 ], [ 28.68101, 40.96851 ], [ 28.68037, 40.96849 ], [ 28.68057, 40.96658 ], [ 28.68007, 40.9685 ], [ 28.67933, 40.96842 ], [ 28.67934, 40.96656 ], [ 28.67896, 40.96838 ], [ 28.67822, 40.96827 ], [ 28.6785, 40.96325 ], [ 28.67808, 40.96593 ], [ 28.67625, 40.96593 ], [ 28.67657, 40.96167 ], [ 28.67488, 40.96756 ], [ 28.67163, 40.96608 ], [ 28.67094, 40.96373 ], [ 28.66791, 40.96281 ], [ 28.66027, 40.96392 ], [ 28.65389, 40.9636 ], [ 28.65074, 40.96246 ], [ 28.6337, 40.96216 ], [ 28.63091, 40.96126 ], [ 28.62527, 40.96161 ], [ 28.6213, 40.96054 ], [ 28.60967, 40.96392 ], [ 28.60283, 40.96783 ], [ 28.5987, 40.96884 ], [ 28.5986, 40.97112 ], [ 28.59548, 40.97344 ], [ 28.59591, 40.97524 ], [ 28.59773, 40.97609 ], [ 28.59956, 40.97945 ], [ 28.59811, 40.98474 ], [ 28.59629, 40.98693 ], [ 28.59607, 40.98847 ], [ 28.59643, 40.99026 ], [ 28.5984, 40.99154 ], [ 28.59769, 40.99358 ], [ 28.59872, 40.99613 ], [ 28.59743, 40.99843 ], [ 28.59867, 41.00064 ], [ 28.5978, 41.00415 ], [ 28.5998, 41.0083 ], [ 28.5988, 41.01049 ], [ 28.59796, 41.01003 ], [ 28.59863, 41.01064 ], [ 28.5959, 41.01379 ], [ 28.58794, 41.01701 ], [ 28.57473, 41.01831 ], [ 28.57581, 41.01895 ], [ 28.5734, 41.01861 ], [ 28.57281, 41.01944 ], [ 28.56566, 41.01823 ], [ 28.56455, 41.01715 ], [ 28.5657, 41.01654 ], [ 28.56563, 41.01543 ], [ 28.56435, 41.01708 ], [ 28.56311, 41.01645 ], [ 28.56307, 41.01555 ], [ 28.56417, 41.01528 ], [ 28.56308, 41.01525 ], [ 28.56384, 41.01479 ], [ 28.56314, 41.01482 ], [ 28.56298, 41.01379 ], [ 28.56428, 41.01364 ], [ 28.56646, 41.01505 ], [ 28.56445, 41.01347 ], [ 28.55974, 41.01222 ], [ 28.55705, 41.0099 ], [ 28.55385, 41.00901 ], [ 28.55207, 41.00719 ], [ 28.55177, 41.00412 ], [ 28.55075, 41.00248 ], [ 28.54656, 40.9992 ], [ 28.54721, 40.99841 ], [ 28.54587, 40.99716 ], [ 28.54621, 40.99497 ], [ 28.54483, 40.99169 ], [ 28.54468, 40.98864 ], [ 28.54384, 40.98835 ], [ 28.54413, 40.98575 ], [ 28.54147, 40.98446 ], [ 28.53749, 40.98757 ], [ 28.52948, 40.99142 ], [ 28.51888, 40.99598 ], [ 28.51073, 40.99848 ], [ 28.50979, 41.00089 ], [ 28.50269, 41.0052 ], [ 28.48247, 41.01288 ], [ 28.4815, 41.01363 ], [ 28.4812, 41.01544 ], [ 28.47489, 41.01811 ], [ 28.47459, 41.01982 ], [ 28.46838, 41.02343 ], [ 28.44223, 41.03399 ], [ 28.42102, 41.04117 ], [ 28.39615, 41.04819 ], [ 28.39037, 41.0481 ], [ 28.38867, 41.04918 ], [ 28.3746, 41.05241 ], [ 28.36875, 41.05313 ], [ 28.36563, 41.05218 ], [ 28.36763, 41.05127 ], [ 28.36575, 41.05127 ], [ 28.3649, 41.05215 ], [ 28.35881, 41.05351 ], [ 28.35232, 41.0541 ], [ 28.35238, 41.05478 ], [ 28.34993, 41.05648 ], [ 28.34812, 41.05645 ], [ 28.34561, 41.05767 ], [ 28.33877, 41.05828 ], [ 28.33597, 41.05668 ], [ 28.32365, 41.05779 ], [ 28.31301, 41.05731 ], [ 28.30793, 41.05944 ], [ 28.27951, 41.06366 ], [ 28.27665, 41.06266 ], [ 28.26202, 41.06314 ], [ 28.25963, 41.06246 ], [ 28.25401, 41.06508 ], [ 28.24879, 41.06865 ], [ 28.24123, 41.07118 ], [ 28.24039, 41.07007 ], [ 28.23873, 41.0723 ], [ 28.24044, 41.07093 ], [ 28.24133, 41.07145 ], [ 28.24261, 41.07081 ], [ 28.24332, 41.07238 ], [ 28.24078, 41.07214 ], [ 28.24301, 41.07256 ], [ 28.24276, 41.07414 ], [ 28.23988, 41.07358 ], [ 28.2423, 41.07487 ], [ 28.23681, 41.07719 ], [ 28.23265, 41.07759 ], [ 28.2239, 41.07771 ], [ 28.21895, 41.07671 ], [ 28.21493, 41.07325 ], [ 28.21381, 41.07066 ], [ 28.21204, 41.07066 ], [ 28.21196, 41.06979 ], [ 28.18559, 41.07329 ], [ 28.17036, 41.0731 ], [ 28.16198, 41.07197 ], [ 28.15582, 41.06949 ], [ 28.15376, 41.07008 ], [ 28.15254, 41.06948 ], [ 28.15276, 41.07009 ], [ 28.15214, 41.07012 ], [ 28.13276, 41.0667 ], [ 28.12585, 41.06363 ], [ 28.12299, 41.0599 ], [ 28.11557, 41.06139 ], [ 28.0927, 41.05813 ], [ 28.09024, 41.05855 ], [ 28.07254, 41.05623 ], [ 28.06163, 41.05147 ], [ 28.05424, 41.04675 ], [ 28.04809, 41.04448 ], [ 28.04531, 41.04259 ], [ 28.03826, 41.0411 ], [ 28.03344, 41.04159 ], [ 28.0302, 41.04096 ], [ 28.02352, 41.03862 ], [ 28.01883, 41.03572 ], [ 28.0129, 41.03397 ], [ 28.00285, 41.02753 ], [ 27.99606, 41.02156 ], [ 27.9912, 41.01906 ], [ 27.98574, 41.0111 ], [ 27.98105, 41.01124 ], [ 27.97855, 41.01225 ], [ 27.97883, 41.02069 ], [ 27.97669, 41.02444 ], [ 27.97818, 41.02974 ], [ 27.97626, 41.03078 ], [ 27.97826, 41.03962 ], [ 27.97661, 41.04209 ], [ 27.97449, 41.04226 ], [ 27.97413, 41.04301 ], [ 27.97697, 41.04839 ], [ 27.97843, 41.0496 ], [ 27.97749, 41.05197 ], [ 27.98053, 41.05277 ], [ 27.98199, 41.05487 ], [ 27.97876, 41.05792 ], [ 27.97761, 41.06059 ], [ 27.97778, 41.06283 ], [ 27.97565, 41.06576 ], [ 27.97996, 41.06774 ], [ 27.98402, 41.07179 ], [ 27.98222, 41.0714 ], [ 27.9811, 41.07224 ], [ 27.98236, 41.07561 ], [ 27.98182, 41.07617 ], [ 27.97558, 41.07557 ], [ 27.97454, 41.07938 ], [ 27.97841, 41.08229 ], [ 27.97893, 41.08401 ], [ 27.9751, 41.08725 ], [ 27.97521, 41.08999 ], [ 27.97708, 41.09172 ], [ 27.97673, 41.09423 ], [ 27.97838, 41.09694 ], [ 27.97834, 41.0984 ], [ 27.98218, 41.09889 ], [ 27.98489, 41.10278 ], [ 27.98313, 41.1093 ], [ 27.98101, 41.11072 ], [ 27.98336, 41.11657 ], [ 27.98611, 41.11926 ], [ 27.98618, 41.1212 ], [ 27.98942, 41.12324 ], [ 27.98942, 41.1254 ], [ 27.99171, 41.12699 ], [ 27.99274, 41.13064 ], [ 27.9938, 41.13117 ], [ 27.99357, 41.13246 ], [ 27.99833, 41.13522 ], [ 27.99764, 41.13992 ], [ 28.0013, 41.14259 ], [ 28.00365, 41.14629 ], [ 28.00431, 41.14916 ], [ 28.00934, 41.15467 ], [ 28.01131, 41.15585 ], [ 28.0091, 41.15861 ], [ 28.0133, 41.15991 ], [ 28.01288, 41.16641 ], [ 28.01619, 41.16706 ], [ 28.01354, 41.16807 ], [ 28.01386, 41.16928 ], [ 28.01261, 41.17102 ], [ 28.01468, 41.17069 ], [ 28.01611, 41.17238 ], [ 28.01566, 41.17304 ], [ 28.01874, 41.17466 ], [ 28.02081, 41.17836 ], [ 28.01775, 41.18566 ], [ 28.01859, 41.19049 ], [ 28.01708, 41.19371 ], [ 28.01751, 41.19509 ], [ 28.01563, 41.20056 ], [ 28.0114, 41.2054 ], [ 28.00673, 41.21344 ], [ 27.99831, 41.22258 ], [ 27.99641, 41.23183 ], [ 27.99768, 41.23619 ], [ 27.99896, 41.2392 ], [ 28.00256, 41.24311 ], [ 28.0159, 41.25247 ], [ 28.01919, 41.25245 ], [ 28.03063, 41.25619 ], [ 28.04783, 41.26659 ], [ 28.05683, 41.26787 ], [ 28.05919, 41.27234 ], [ 28.06203, 41.27554 ], [ 28.06296, 41.27812 ], [ 28.06572, 41.27745 ], [ 28.07219, 41.28292 ], [ 28.07743, 41.2985 ], [ 28.07902, 41.30167 ], [ 28.07986, 41.30138 ], [ 28.07888, 41.30576 ], [ 28.07971, 41.31052 ], [ 28.07845, 41.31595 ], [ 28.07846, 41.32437 ], [ 28.08211, 41.33057 ], [ 28.08215, 41.33316 ], [ 28.08739, 41.34065 ], [ 28.0898, 41.34693 ], [ 28.0879, 41.35271 ], [ 28.08904, 41.35536 ], [ 28.08939, 41.36963 ], [ 28.09139, 41.37418 ], [ 28.09484, 41.37754 ], [ 28.09881, 41.38627 ], [ 28.09835, 41.39245 ], [ 28.1016, 41.40463 ], [ 28.10757, 41.40682 ], [ 28.10924, 41.40857 ], [ 28.11233, 41.41552 ], [ 28.11588, 41.41795 ], [ 28.1112, 41.42737 ], [ 28.11112, 41.43216 ], [ 28.11325, 41.43664 ], [ 28.11424, 41.44125 ], [ 28.11374, 41.44778 ], [ 28.11236, 41.44937 ], [ 28.1118, 41.45379 ], [ 28.11262, 41.46153 ], [ 28.11161, 41.46551 ], [ 28.10672, 41.46928 ], [ 28.10627, 41.47337 ], [ 28.10459, 41.47487 ], [ 28.10495, 41.47609 ], [ 28.10233, 41.47538 ], [ 28.10014, 41.47618 ], [ 28.09871, 41.47823 ], [ 28.09699, 41.47837 ], [ 28.09288, 41.48097 ], [ 28.08527, 41.49009 ], [ 28.0791, 41.49222 ], [ 28.07299, 41.49272 ], [ 28.07084, 41.49352 ], [ 28.06972, 41.49463 ], [ 28.07119, 41.49487 ], [ 28.07376, 41.49815 ], [ 28.07467, 41.50101 ], [ 28.07735, 41.50322 ], [ 28.07742, 41.50436 ], [ 28.07558, 41.50635 ], [ 28.0764, 41.50764 ], [ 28.0785, 41.50889 ], [ 28.09247, 41.50938 ], [ 28.09825, 41.51549 ], [ 28.09909, 41.51819 ], [ 28.09895, 41.52122 ], [ 28.10132, 41.51976 ], [ 28.10319, 41.52007 ], [ 28.1072, 41.51867 ], [ 28.10954, 41.51966 ], [ 28.1116, 41.52261 ], [ 28.11626, 41.52534 ], [ 28.12088, 41.53121 ], [ 28.12046, 41.53387 ], [ 28.12136, 41.53456 ], [ 28.12056, 41.53547 ], [ 28.12121, 41.53718 ], [ 28.11663, 41.5401 ], [ 28.11694, 41.54116 ], [ 28.11613, 41.54204 ], [ 28.11677, 41.54257 ], [ 28.1187, 41.54178 ], [ 28.1213, 41.543 ], [ 28.12026, 41.54422 ], [ 28.12185, 41.54498 ], [ 28.12233, 41.54706 ], [ 28.12078, 41.54804 ], [ 28.12131, 41.54885 ], [ 28.11931, 41.55014 ], [ 28.12097, 41.55211 ], [ 28.1242, 41.5525 ], [ 28.1249, 41.55496 ], [ 28.12365, 41.5599 ], [ 28.12244, 41.56078 ], [ 28.11894, 41.56092 ], [ 28.11847, 41.56269 ], [ 28.12107, 41.56321 ], [ 28.12388, 41.56563 ], [ 28.12408, 41.56648 ], [ 28.12315, 41.56731 ], [ 28.12599, 41.56849 ], [ 28.12879, 41.57203 ], [ 28.12853, 41.57317 ], [ 28.13079, 41.57288 ], [ 28.13085, 41.57396 ], [ 28.13337, 41.57475 ], [ 28.13325, 41.57656 ], [ 28.13477, 41.57828 ], [ 28.13646, 41.57863 ], [ 28.13699, 41.581 ], [ 28.14562, 41.5836 ] ] ] } },
{ "type": "Feature", "properties": { "name": "İSTANBUL" }, "geometry": { "type": "Polygon", "coordinates": [ [ [ 28.76118, 41.32124 ], [ 28.76873, 41.3174 ], [ 28.77457, 41.3164 ], [ 28.78136, 41.31348 ], [ 28.78103, 41.31294 ], [ 28.77914, 41.31361 ], [ 28.7783, 41.3112 ], [ 28.78048, 41.31128 ], [ 28.77935, 41.31063 ], [ 28.77926, 41.30943 ], [ 28.78318, 41.30677 ], [ 28.78634, 41.30631 ], [ 28.78872, 41.30732 ], [ 28.78932, 41.3087 ], [ 28.7866, 41.31186 ], [ 28.7892, 41.30993 ], [ 28.78976, 41.30842 ], [ 28.7888, 41.30705 ], [ 28.78999, 41.30523 ], [ 28.79825, 41.30042 ], [ 28.80196, 41.30097 ], [ 28.80169, 41.29925 ], [ 28.80648, 41.29589 ], [ 28.80963, 41.29464 ], [ 28.81229, 41.29559 ], [ 28.81362, 41.29466 ], [ 28.81264, 41.29405 ], [ 28.81396, 41.29344 ], [ 28.82899, 41.2916 ], [ 28.83723, 41.28721 ], [ 28.84439, 41.28611 ], [ 28.84325, 41.28482 ], [ 28.84357, 41.28282 ], [ 28.84564, 41.2854 ], [ 28.85364, 41.28364 ], [ 28.85827, 41.28496 ], [ 28.86085, 41.28259 ], [ 28.86721, 41.27961 ], [ 28.87231, 41.27898 ], [ 28.88028, 41.27601 ], [ 28.90556, 41.27072 ], [ 28.92163, 41.2727 ], [ 28.92269, 41.27147 ], [ 28.92489, 41.27179 ], [ 28.92514, 41.27042 ], [ 28.92691, 41.27006 ], [ 28.92808, 41.26836 ], [ 28.93081, 41.26717 ], [ 28.94504, 41.26232 ], [ 28.9494, 41.26252 ], [ 28.94807, 41.25718 ], [ 28.94267, 41.25611 ], [ 28.94073, 41.25192 ], [ 28.94049, 41.24817 ], [ 28.93705, 41.242 ], [ 28.93617, 41.23755 ], [ 28.93297, 41.23118 ], [ 28.93168, 41.23046 ], [ 28.92789, 41.23003 ], [ 28.91948, 41.23843 ], [ 28.91957, 41.2359 ], [ 28.91835, 41.23327 ], [ 28.91464, 41.23402 ], [ 28.91194, 41.23588 ], [ 28.90821, 41.23307 ], [ 28.90068, 41.23386 ], [ 28.89997, 41.23648 ], [ 28.89527, 41.23735 ], [ 28.88945, 41.23321 ], [ 28.89046, 41.22834 ], [ 28.88981, 41.22618 ], [ 28.89304, 41.2234 ], [ 28.89464, 41.2198 ], [ 28.89614, 41.21849 ], [ 28.8971, 41.21543 ], [ 28.89609, 41.21216 ], [ 28.89631, 41.21 ], [ 28.89914, 41.20796 ], [ 28.90153, 41.20752 ], [ 28.90382, 41.20306 ], [ 28.90363, 41.20085 ], [ 28.90534, 41.19693 ], [ 28.90533, 41.1947 ], [ 28.90507, 41.18839 ], [ 28.9033, 41.18408 ], [ 28.90577, 41.17334 ], [ 28.90531, 41.16957 ], [ 28.90761, 41.16516 ], [ 28.91016, 41.16219 ], [ 28.91354, 41.16279 ], [ 28.91672, 41.16745 ], [ 28.91985, 41.16857 ], [ 28.92302, 41.16845 ], [ 28.92454, 41.16306 ], [ 28.92778, 41.16009 ], [ 28.93184, 41.1598 ], [ 28.93355, 41.15824 ], [ 28.9365, 41.16242 ], [ 28.93762, 41.16081 ], [ 28.94297, 41.16136 ], [ 28.94453, 41.15952 ], [ 28.94771, 41.16027 ], [ 28.953, 41.1632 ], [ 28.95557, 41.16324 ], [ 28.95903, 41.1623 ], [ 28.96129, 41.16074 ], [ 28.96553, 41.16019 ], [ 28.96785, 41.15786 ], [ 28.9747, 41.15767 ], [ 28.97382, 41.15542 ], [ 28.97514, 41.15223 ], [ 28.97927, 41.1504 ], [ 28.98198, 41.15181 ], [ 28.99183, 41.15053 ], [ 28.99332, 41.14745 ], [ 28.99534, 41.14787 ], [ 28.99605, 41.15029 ], [ 28.99927, 41.15304 ], [ 29.00047, 41.15145 ], [ 29.00467, 41.15393 ], [ 29.00516, 41.15337 ], [ 29.00392, 41.15241 ], [ 29.00757, 41.15283 ], [ 29.00944, 41.15121 ], [ 29.01056, 41.14839 ], [ 29.01235, 41.14644 ], [ 29.01817, 41.14698 ], [ 29.02557, 41.14043 ], [ 29.03019, 41.14042 ], [ 29.03407, 41.13849 ], [ 29.04454, 41.13592 ], [ 29.0487, 41.13615 ], [ 29.05444, 41.13841 ], [ 29.05889, 41.13716 ], [ 29.0592, 41.13626 ], [ 29.06117, 41.13568 ], [ 29.06236, 41.13435 ], [ 29.06415, 41.1305 ], [ 29.06987, 41.12754 ], [ 29.07119, 41.126 ], [ 29.0718, 41.12288 ], [ 29.07007, 41.1199 ], [ 29.06459, 41.11658 ], [ 29.0619, 41.11319 ], [ 29.0574, 41.11492 ], [ 29.05457, 41.11404 ], [ 29.0554, 41.11315 ], [ 29.0573, 41.11345 ], [ 29.05857, 41.1126 ], [ 29.05865, 41.11024 ], [ 29.05945, 41.10921 ], [ 29.05366, 41.0989 ], [ 29.05454, 41.09784 ], [ 29.05419, 41.09452 ], [ 29.05723, 41.09087 ], [ 29.05667, 41.08255 ], [ 29.05538, 41.08126 ], [ 29.04658, 41.07914 ], [ 29.04448, 41.07762 ], [ 29.04412, 41.07501 ], [ 29.04646, 41.06934 ], [ 29.04637, 41.06788 ], [ 29.042, 41.06617 ], [ 29.04084, 41.06287 ], [ 29.03776, 41.06099 ], [ 29.03309, 41.04992 ], [ 29.0288, 41.0485 ], [ 29.0276, 41.04707 ], [ 29.02494, 41.04736 ], [ 29.01693, 41.04355 ], [ 28.99682, 41.0376 ], [ 28.99377, 41.03495 ], [ 28.99421, 41.03451 ], [ 28.99327, 41.03391 ], [ 28.99421, 41.03353 ], [ 28.9931, 41.03361 ], [ 28.99337, 41.03296 ], [ 28.9921, 41.03277 ], [ 28.98874, 41.02878 ], [ 28.98804, 41.02889 ], [ 28.98854, 41.02816 ], [ 28.97783, 41.02238 ], [ 28.97434, 41.02141 ], [ 28.97223, 41.01832 ], [ 28.97649, 41.0166 ], [ 28.98103, 41.01657 ], [ 28.98506, 41.01777 ], [ 28.9868, 41.01714 ], [ 28.98788, 41.01312 ], [ 28.98751, 41.00989 ], [ 28.98581, 41.00642 ], [ 28.98156, 41.00294 ], [ 28.97765, 41.00178 ], [ 28.97833, 41.00106 ], [ 28.97519, 41.0009 ], [ 28.96224, 41.0025 ], [ 28.96047, 41.00175 ], [ 28.95718, 41.00229 ], [ 28.95629, 41.00138 ], [ 28.95502, 41.00268 ], [ 28.95264, 41.00226 ], [ 28.95218, 41.00123 ], [ 28.94751, 41.00119 ], [ 28.94363, 40.99984 ], [ 28.94077, 41.00117 ], [ 28.93819, 41.00083 ], [ 28.93872, 41.00153 ], [ 28.93719, 41.00145 ], [ 28.93498, 41.00023 ], [ 28.93288, 40.99576 ], [ 28.92489, 40.98798 ], [ 28.91606, 40.98721 ], [ 28.91161, 40.98506 ], [ 28.90849, 40.98152 ], [ 28.90165, 40.97908 ], [ 28.89706, 40.97976 ], [ 28.89654, 40.97894 ], [ 28.89634, 40.97987 ], [ 28.89589, 40.97906 ], [ 28.89613, 40.97992 ], [ 28.89526, 40.97919 ], [ 28.89552, 40.98007 ], [ 28.89466, 40.97945 ], [ 28.89494, 40.98022 ], [ 28.8943, 40.98042 ], [ 28.89333, 40.9791 ], [ 28.89402, 40.98053 ], [ 28.89164, 40.981 ], [ 28.89088, 40.97988 ], [ 28.87919, 40.97412 ], [ 28.87676, 40.97398 ], [ 28.87834, 40.97325 ], [ 28.87856, 40.97233 ], [ 28.87754, 40.97153 ], [ 28.87622, 40.97243 ], [ 28.87706, 40.97121 ], [ 28.87574, 40.97205 ], [ 28.87656, 40.97082 ], [ 28.87511, 40.97155 ], [ 28.87621, 40.97057 ], [ 28.87477, 40.9713 ], [ 28.87588, 40.97028 ], [ 28.87461, 40.97128 ], [ 28.87565, 40.97012 ], [ 28.87437, 40.97107 ], [ 28.87526, 40.96985 ], [ 28.87362, 40.97047 ], [ 28.87481, 40.96948 ], [ 28.87313, 40.97014 ], [ 28.87447, 40.96911 ], [ 28.87552, 40.96917 ], [ 28.87925, 40.97271 ], [ 28.88042, 40.97205 ], [ 28.87518, 40.96882 ], [ 28.86859, 40.97133 ], [ 28.86793, 40.97274 ], [ 28.86537, 40.97354 ], [ 28.85063, 40.97389 ], [ 28.84875, 40.97271 ], [ 28.85007, 40.97202 ], [ 28.84827, 40.97226 ], [ 28.84982, 40.97086 ], [ 28.8479, 40.97195 ], [ 28.84559, 40.96906 ], [ 28.84342, 40.96326 ], [ 28.83878, 40.95679 ], [ 28.83794, 40.9566 ], [ 28.8375, 40.95756 ], [ 28.83566, 40.95742 ], [ 28.83493, 40.95677 ], [ 28.83548, 40.95598 ], [ 28.83465, 40.95658 ], [ 28.82961, 40.95447 ], [ 28.82948, 40.95547 ], [ 28.82792, 40.95578 ], [ 28.82778, 40.95508 ], [ 28.82615, 40.95572 ], [ 28.8272, 40.95617 ], [ 28.82592, 40.95692 ], [ 28.82445, 40.95677 ], [ 28.82443, 40.95607 ], [ 28.82385, 40.9571 ], [ 28.82277, 40.95682 ], [ 28.82226, 40.955 ], [ 28.82555, 40.95495 ], [ 28.82354, 40.95431 ], [ 28.81586, 40.95479 ], [ 28.8152, 40.95568 ], [ 28.8132, 40.95548 ], [ 28.81268, 40.95633 ], [ 28.81087, 40.95675 ], [ 28.81089, 40.95611 ], [ 28.80997, 40.95624 ], [ 28.80854, 40.95868 ], [ 28.80448, 40.96153 ], [ 28.79846, 40.96373 ], [ 28.79211, 40.96878 ], [ 28.77696, 40.97537 ], [ 28.77474, 40.97747 ], [ 28.77239, 40.97781 ], [ 28.7683, 40.97992 ], [ 28.76721, 40.98142 ], [ 28.76747, 40.98445 ], [ 28.76624, 40.98365 ], [ 28.76645, 40.98167 ], [ 28.76344, 40.98158 ], [ 28.76331, 40.98025 ], [ 28.76217, 40.97967 ], [ 28.75968, 40.98041 ], [ 28.75406, 40.98034 ], [ 28.74964, 40.97704 ], [ 28.74956, 40.98244 ], [ 28.74157, 40.9835 ], [ 28.73805, 40.98495 ], [ 28.73273, 40.99483 ], [ 28.73157, 40.99904 ], [ 28.72739, 41.00182 ], [ 28.72686, 41.00548 ], [ 28.72207, 41.00795 ], [ 28.71959, 41.01016 ], [ 28.72051, 41.01492 ], [ 28.7224, 41.01706 ], [ 28.72117, 41.02038 ], [ 28.72168, 41.02067 ], [ 28.72065, 41.02162 ], [ 28.7213, 41.02239 ], [ 28.72104, 41.02469 ], [ 28.71854, 41.02998 ], [ 28.7188, 41.033 ], [ 28.71493, 41.03906 ], [ 28.70717, 41.04432 ], [ 28.70205, 41.05562 ], [ 28.70041, 41.05685 ], [ 28.69759, 41.06324 ], [ 28.6953, 41.06514 ], [ 28.69415, 41.06795 ], [ 28.6921, 41.06968 ], [ 28.69069, 41.07402 ], [ 28.68489, 41.07922 ], [ 28.6827, 41.08029 ], [ 28.68363, 41.08484 ], [ 28.68475, 41.08664 ], [ 28.68387, 41.09197 ], [ 28.68504, 41.0934 ], [ 28.68537, 41.09685 ], [ 28.68439, 41.10102 ], [ 28.68065, 41.10789 ], [ 28.68227, 41.11044 ], [ 28.68552, 41.11177 ], [ 28.68779, 41.11404 ], [ 28.6888, 41.11749 ], [ 28.69218, 41.11974 ], [ 28.6965, 41.12109 ], [ 28.6947, 41.12333 ], [ 28.68742, 41.12722 ], [ 28.68532, 41.12964 ], [ 28.68443, 41.13345 ], [ 28.68272, 41.13601 ], [ 28.67487, 41.14166 ], [ 28.67285, 41.14433 ], [ 28.6665, 41.14929 ], [ 28.66257, 41.15519 ], [ 28.66163, 41.15818 ], [ 28.66186, 41.16062 ], [ 28.66025, 41.16393 ], [ 28.6597, 41.16808 ], [ 28.66037, 41.16938 ], [ 28.65961, 41.17102 ], [ 28.65871, 41.17143 ], [ 28.65814, 41.1733 ], [ 28.65524, 41.17457 ], [ 28.65605, 41.17745 ], [ 28.65307, 41.18017 ], [ 28.64916, 41.18635 ], [ 28.64702, 41.18633 ], [ 28.64539, 41.18812 ], [ 28.65265, 41.19374 ], [ 28.65472, 41.20052 ], [ 28.65974, 41.20467 ], [ 28.66723, 41.20808 ], [ 28.66969, 41.21146 ], [ 28.67223, 41.21155 ], [ 28.68224, 41.216 ], [ 28.68472, 41.21551 ], [ 28.68722, 41.21662 ], [ 28.68903, 41.21615 ], [ 28.68744, 41.22153 ], [ 28.6859, 41.22366 ], [ 28.68553, 41.22644 ], [ 28.68332, 41.22811 ], [ 28.68367, 41.23072 ], [ 28.68281, 41.23256 ], [ 28.67542, 41.23389 ], [ 28.67159, 41.23679 ], [ 28.67615, 41.24194 ], [ 28.67643, 41.24529 ], [ 28.67773, 41.24665 ], [ 28.67705, 41.25305 ], [ 28.68053, 41.25786 ], [ 28.67884, 41.26288 ], [ 28.67563, 41.26384 ], [ 28.67527, 41.26567 ], [ 28.67498, 41.26829 ], [ 28.67992, 41.28236 ], [ 28.67887, 41.28441 ], [ 28.67929, 41.28646 ], [ 28.6782, 41.2909 ], [ 28.67507, 41.29572 ], [ 28.68549, 41.29561 ], [ 28.69187, 41.29289 ], [ 28.69768, 41.28859 ], [ 28.69905, 41.28504 ], [ 28.70873, 41.27945 ], [ 28.71227, 41.28022 ], [ 28.71349, 41.2826 ], [ 28.71675, 41.28164 ], [ 28.71975, 41.28509 ], [ 28.72503, 41.28499 ], [ 28.72883, 41.28845 ], [ 28.73079, 41.28938 ], [ 28.73227, 41.28911 ], [ 28.74222, 41.28441 ], [ 28.74585, 41.28097 ], [ 28.74605, 41.27785 ], [ 28.74481, 41.27403 ], [ 28.74696, 41.26818 ], [ 28.74498, 41.26306 ], [ 28.75122, 41.26498 ], [ 28.75581, 41.26431 ], [ 28.75793, 41.26617 ], [ 28.76132, 41.2657 ], [ 28.7614, 41.26679 ], [ 28.7631, 41.2671 ], [ 28.76424, 41.26907 ], [ 28.766, 41.26994 ], [ 28.76189, 41.27443 ], [ 28.76151, 41.27748 ], [ 28.75824, 41.28176 ], [ 28.75988, 41.28441 ], [ 28.75824, 41.2903 ], [ 28.76168, 41.29767 ], [ 28.75841, 41.30167 ], [ 28.76118, 41.32124 ] ] ] } },
{ "type": "Feature", "properties": { "name": "ŞİLE" }, "geometry": { "type": "Polygon", "coordinates": [ [ [ 29.33318, 41.21634 ], [ 29.33659, 41.21465 ], [ 29.33986, 41.21536 ], [ 29.34388, 41.21398 ], [ 29.34554, 41.21448 ], [ 29.34581, 41.21333 ], [ 29.34897, 41.2124 ], [ 29.3532, 41.21293 ], [ 29.35562, 41.21143 ], [ 29.36247, 41.21071 ], [ 29.36639, 41.21191 ], [ 29.36753, 41.21124 ], [ 29.37045, 41.21143 ], [ 29.37199, 41.21282 ], [ 29.37405, 41.21203 ], [ 29.37512, 41.21321 ], [ 29.37853, 41.21147 ], [ 29.38239, 41.21325 ], [ 29.38575, 41.21347 ], [ 29.38967, 41.21544 ], [ 29.3898, 41.21343 ], [ 29.39246, 41.21225 ], [ 29.39462, 41.21248 ], [ 29.39517, 41.21161 ], [ 29.39614, 41.21214 ], [ 29.39981, 41.21021 ], [ 29.40403, 41.20933 ], [ 29.40851, 41.20932 ], [ 29.41428, 41.20696 ], [ 29.44046, 41.19979 ], [ 29.45573, 41.19776 ], [ 29.4682, 41.19367 ], [ 29.49343, 41.18743 ], [ 29.50848, 41.18439 ], [ 29.51207, 41.18509 ], [ 29.52603, 41.18124 ], [ 29.57144, 41.1727 ], [ 29.57204, 41.17159 ], [ 29.57331, 41.17249 ], [ 29.58722, 41.17096 ], [ 29.59729, 41.17174 ], [ 29.60042, 41.17293 ], [ 29.60338, 41.17547 ], [ 29.60342, 41.17644 ], [ 29.60222, 41.17716 ], [ 29.60399, 41.17618 ], [ 29.60912, 41.1781 ], [ 29.60831, 41.17967 ], [ 29.60876, 41.18016 ], [ 29.6077, 41.17983 ], [ 29.60621, 41.18101 ], [ 29.60223, 41.17899 ], [ 29.59985, 41.17868 ], [ 29.60741, 41.1821 ], [ 29.60979, 41.17974 ], [ 29.61138, 41.18045 ], [ 29.61218, 41.17993 ], [ 29.61253, 41.18083 ], [ 29.61403, 41.18103 ], [ 29.61424, 41.17906 ], [ 29.61592, 41.17828 ], [ 29.61617, 41.17908 ], [ 29.61743, 41.17909 ], [ 29.61815, 41.17778 ], [ 29.61952, 41.17826 ], [ 29.61988, 41.1794 ], [ 29.62282, 41.17884 ], [ 29.62303, 41.17966 ], [ 29.62397, 41.17969 ], [ 29.62569, 41.17814 ], [ 29.62437, 41.17752 ], [ 29.62419, 41.17609 ], [ 29.62782, 41.17448 ], [ 29.62986, 41.17541 ], [ 29.62952, 41.17446 ], [ 29.63024, 41.17407 ], [ 29.63355, 41.17434 ], [ 29.63275, 41.1727 ], [ 29.63721, 41.17047 ], [ 29.64291, 41.16964 ], [ 29.64445, 41.17041 ], [ 29.64409, 41.17175 ], [ 29.64512, 41.172 ], [ 29.6455, 41.16975 ], [ 29.64898, 41.16808 ], [ 29.6634, 41.16496 ], [ 29.66561, 41.16541 ], [ 29.66637, 41.16681 ], [ 29.66801, 41.16683 ], [ 29.67119, 41.16572 ], [ 29.67302, 41.16331 ], [ 29.67872, 41.1621 ], [ 29.68679, 41.16411 ], [ 29.68872, 41.16262 ], [ 29.69059, 41.16384 ], [ 29.69121, 41.16276 ], [ 29.69239, 41.16259 ], [ 29.69271, 41.16366 ], [ 29.69366, 41.16392 ], [ 29.69585, 41.16372 ], [ 29.69662, 41.1626 ], [ 29.69731, 41.16391 ], [ 29.69962, 41.16422 ], [ 29.70276, 41.16372 ], [ 29.70304, 41.16139 ], [ 29.70811, 41.15907 ], [ 29.71082, 41.15935 ], [ 29.71775, 41.15758 ], [ 29.71977, 41.15823 ], [ 29.72263, 41.15716 ], [ 29.72438, 41.1577 ], [ 29.72465, 41.15676 ], [ 29.72631, 41.15696 ], [ 29.72681, 41.15798 ], [ 29.72785, 41.15688 ], [ 29.72904, 41.15802 ], [ 29.72842, 41.15661 ], [ 29.73209, 41.15542 ], [ 29.7339, 41.15567 ], [ 29.73437, 41.15662 ], [ 29.73558, 41.15591 ], [ 29.73745, 41.15749 ], [ 29.73736, 41.15832 ], [ 29.73941, 41.15892 ], [ 29.74088, 41.15843 ], [ 29.74088, 41.15924 ], [ 29.74244, 41.16023 ], [ 29.74611, 41.15957 ], [ 29.74765, 41.16044 ], [ 29.74843, 41.15916 ], [ 29.75056, 41.15894 ], [ 29.75182, 41.15977 ], [ 29.75102, 41.16089 ], [ 29.75195, 41.16148 ], [ 29.75362, 41.16111 ], [ 29.75347, 41.15852 ], [ 29.75624, 41.15731 ], [ 29.75908, 41.15927 ], [ 29.76372, 41.15916 ], [ 29.76699, 41.16073 ], [ 29.77695, 41.15866 ], [ 29.77528, 41.15718 ], [ 29.77678, 41.15619 ], [ 29.77816, 41.15676 ], [ 29.77756, 41.15759 ], [ 29.77978, 41.15858 ], [ 29.78092, 41.15712 ], [ 29.78347, 41.15767 ], [ 29.78955, 41.15536 ], [ 29.79012, 41.15438 ], [ 29.78924, 41.1518 ], [ 29.79323, 41.15394 ], [ 29.79532, 41.15325 ], [ 29.79609, 41.15381 ], [ 29.80754, 41.14993 ], [ 29.8087, 41.14816 ], [ 29.81159, 41.14793 ], [ 29.82016, 41.14358 ], [ 29.84495, 41.13916 ], [ 29.84976, 41.13898 ], [ 29.85184, 41.14016 ], [ 29.8512, 41.14094 ], [ 29.85369, 41.13965 ], [ 29.85424, 41.14004 ], [ 29.85197, 41.14186 ], [ 29.85344, 41.1413 ], [ 29.8555, 41.14308 ], [ 29.86133, 41.14358 ], [ 29.86325, 41.14181 ], [ 29.86533, 41.14122 ], [ 29.86953, 41.14253 ], [ 29.87044, 41.14161 ], [ 29.87348, 41.14322 ], [ 29.87252, 41.14204 ], [ 29.87429, 41.1419 ], [ 29.87322, 41.14052 ], [ 29.87535, 41.13888 ], [ 29.8786, 41.13937 ], [ 29.88036, 41.14107 ], [ 29.88327, 41.14132 ], [ 29.88411, 41.14213 ], [ 29.89335, 41.14225 ], [ 29.89508, 41.14337 ], [ 29.89684, 41.1421 ], [ 29.89837, 41.14347 ], [ 29.90149, 41.14248 ], [ 29.90536, 41.14286 ], [ 29.907, 41.14231 ], [ 29.90763, 41.14068 ], [ 29.90835, 41.14277 ], [ 29.90924, 41.14321 ], [ 29.91068, 41.1434 ], [ 29.91274, 41.14235 ], [ 29.91633, 41.14259 ], [ 29.9195, 41.14011 ], [ 29.91981, 41.13412 ], [ 29.91879, 41.1329 ], [ 29.91848, 41.13028 ], [ 29.91445, 41.12469 ], [ 29.91547, 41.11815 ], [ 29.9119, 41.11718 ], [ 29.91282, 41.11412 ], [ 29.91498, 41.11293 ], [ 29.91519, 41.11144 ], [ 29.91677, 41.11009 ], [ 29.91701, 41.1061 ], [ 29.92204, 41.107 ], [ 29.92789, 41.10423 ], [ 29.92983, 41.1047 ], [ 29.93536, 41.10404 ], [ 29.93777, 41.10478 ], [ 29.93946, 41.1027 ], [ 29.94046, 41.1033 ], [ 29.9457, 41.09861 ], [ 29.94904, 41.09872 ], [ 29.95603, 41.09682 ], [ 29.95906, 41.09234 ], [ 29.95805, 41.09026 ], [ 29.95644, 41.08911 ], [ 29.95475, 41.08448 ], [ 29.95198, 41.08387 ], [ 29.95405, 41.08036 ], [ 29.94412, 41.08345 ], [ 29.94149, 41.08298 ], [ 29.93655, 41.08662 ], [ 29.9303, 41.08819 ], [ 29.9281, 41.08696 ], [ 29.92594, 41.0871 ], [ 29.92353, 41.08449 ], [ 29.92262, 41.08458 ], [ 29.91655, 41.08676 ], [ 29.91062, 41.0877 ], [ 29.90639, 41.09077 ], [ 29.89594, 41.09265 ], [ 29.8935, 41.0945 ], [ 29.89175, 41.09711 ], [ 29.88957, 41.09783 ], [ 29.88842, 41.09737 ], [ 29.88691, 41.09587 ], [ 29.887, 41.09496 ], [ 29.88969, 41.09261 ], [ 29.89211, 41.09187 ], [ 29.88798, 41.08695 ], [ 29.89192, 41.08653 ], [ 29.89353, 41.08313 ], [ 29.89167, 41.07771 ], [ 29.8919, 41.07468 ], [ 29.88764, 41.07288 ], [ 29.88916, 41.07137 ], [ 29.89215, 41.07027 ], [ 29.89249, 41.0653 ], [ 29.89557, 41.06186 ], [ 29.89016, 41.0607 ], [ 29.88799, 41.05961 ], [ 29.88701, 41.0576 ], [ 29.88435, 41.05748 ], [ 29.88515, 41.0565 ], [ 29.88324, 41.05145 ], [ 29.88316, 41.04708 ], [ 29.88063, 41.04668 ], [ 29.88056, 41.04276 ], [ 29.87956, 41.04118 ], [ 29.86847, 41.04042 ], [ 29.8677, 41.03781 ], [ 29.86347, 41.03514 ], [ 29.86361, 41.03327 ], [ 29.86252, 41.03265 ], [ 29.86205, 41.0308 ], [ 29.85804, 41.02871 ], [ 29.85261, 41.02731 ], [ 29.84649, 41.02067 ], [ 29.84193, 41.021 ], [ 29.83936, 41.01832 ], [ 29.8357, 41.01758 ], [ 29.83426, 41.0164 ], [ 29.83603, 41.01411 ], [ 29.833, 41.01205 ], [ 29.83003, 41.01167 ], [ 29.8246, 41.01394 ], [ 29.823, 41.01246 ], [ 29.81902, 41.01476 ], [ 29.81327, 41.01473 ], [ 29.80831, 41.02016 ], [ 29.80754, 41.01937 ], [ 29.80139, 41.01984 ], [ 29.79785, 41.01771 ], [ 29.79727, 41.01327 ], [ 29.79599, 41.01038 ], [ 29.79454, 41.01191 ], [ 29.79502, 41.01369 ], [ 29.79368, 41.01523 ], [ 29.79476, 41.01829 ], [ 29.79367, 41.0205 ], [ 29.79355, 41.02291 ], [ 29.78985, 41.02206 ], [ 29.7838, 41.02461 ], [ 29.78234, 41.02589 ], [ 29.7837, 41.02892 ], [ 29.7819, 41.02819 ], [ 29.77642, 41.0285 ], [ 29.77065, 41.02516 ], [ 29.76712, 41.02514 ], [ 29.76606, 41.02665 ], [ 29.7614, 41.02721 ], [ 29.75816, 41.02673 ], [ 29.75653, 41.02562 ], [ 29.75364, 41.02861 ], [ 29.75284, 41.03062 ], [ 29.7431, 41.03973 ], [ 29.74171, 41.0376 ], [ 29.7369, 41.03776 ], [ 29.73743, 41.04129 ], [ 29.73207, 41.04332 ], [ 29.7296, 41.04191 ], [ 29.72925, 41.03953 ], [ 29.72709, 41.03781 ], [ 29.72648, 41.03501 ], [ 29.72447, 41.03446 ], [ 29.72336, 41.0328 ], [ 29.72395, 41.02946 ], [ 29.72112, 41.03133 ], [ 29.71627, 41.03288 ], [ 29.71411, 41.03011 ], [ 29.70812, 41.03161 ], [ 29.70432, 41.03036 ], [ 29.70388, 41.02708 ], [ 29.70538, 41.02386 ], [ 29.70434, 41.02216 ], [ 29.70442, 41.02033 ], [ 29.70639, 41.01778 ], [ 29.71218, 41.01528 ], [ 29.71366, 41.01335 ], [ 29.71259, 41.01197 ], [ 29.70603, 41.01092 ], [ 29.70764, 41.00897 ], [ 29.70593, 41.00696 ], [ 29.70111, 41.00788 ], [ 29.70238, 41.0047 ], [ 29.70158, 41.00198 ], [ 29.69918, 40.99929 ], [ 29.70063, 40.99694 ], [ 29.69862, 40.99489 ], [ 29.69966, 40.99368 ], [ 29.69883, 40.99218 ], [ 29.69746, 40.9927 ], [ 29.69642, 40.99163 ], [ 29.69585, 40.98961 ], [ 29.69797, 40.98996 ], [ 29.69547, 40.98733 ], [ 29.6958, 40.98606 ], [ 29.69423, 40.98188 ], [ 29.69489, 40.98116 ], [ 29.69173, 40.97933 ], [ 29.68737, 40.97985 ], [ 29.68057, 40.97851 ], [ 29.68222, 40.97796 ], [ 29.68318, 40.97532 ], [ 29.68099, 40.97453 ], [ 29.68387, 40.96971 ], [ 29.68103, 40.96735 ], [ 29.6715, 40.96463 ], [ 29.66745, 40.95938 ], [ 29.66341, 40.96155 ], [ 29.66193, 40.96447 ], [ 29.65588, 40.96573 ], [ 29.65154, 40.96528 ], [ 29.65049, 40.96358 ], [ 29.64602, 40.96151 ], [ 29.64484, 40.96169 ], [ 29.64097, 40.96498 ], [ 29.64438, 40.96588 ], [ 29.64222, 40.96831 ], [ 29.64231, 40.96966 ], [ 29.6473, 40.97303 ], [ 29.64617, 40.97402 ], [ 29.64256, 40.97409 ], [ 29.64199, 40.97579 ], [ 29.63785, 40.97522 ], [ 29.63742, 40.97367 ], [ 29.63368, 40.97436 ], [ 29.63255, 40.97309 ], [ 29.63142, 40.97311 ], [ 29.62398, 40.97409 ], [ 29.62067, 40.97527 ], [ 29.61794, 40.97923 ], [ 29.61474, 40.97998 ], [ 29.61342, 40.98108 ], [ 29.60636, 40.97836 ], [ 29.60557, 40.9803 ], [ 29.60678, 40.98161 ], [ 29.60505, 40.98376 ], [ 29.60495, 40.98605 ], [ 29.60684, 40.99059 ], [ 29.60799, 40.99147 ], [ 29.60744, 40.99217 ], [ 29.60572, 40.99173 ], [ 29.60439, 40.99594 ], [ 29.60124, 40.99964 ], [ 29.59854, 41.00113 ], [ 29.59805, 41.00257 ], [ 29.60151, 41.00819 ], [ 29.59988, 41.01052 ], [ 29.60112, 41.0137 ], [ 29.60031, 41.0168 ], [ 29.599, 41.01928 ], [ 29.59755, 41.02022 ], [ 29.5989, 41.02489 ], [ 29.60066, 41.02646 ], [ 29.6001, 41.02764 ], [ 29.59767, 41.02899 ], [ 29.59317, 41.02937 ], [ 29.59173, 41.03108 ], [ 29.59, 41.03089 ], [ 29.58802, 41.03218 ], [ 29.58159, 41.0321 ], [ 29.57811, 41.03299 ], [ 29.57497, 41.03524 ], [ 29.57391, 41.03504 ], [ 29.57363, 41.03278 ], [ 29.57199, 41.03361 ], [ 29.56959, 41.03358 ], [ 29.56873, 41.03451 ], [ 29.56393, 41.03569 ], [ 29.56192, 41.03808 ], [ 29.55879, 41.0395 ], [ 29.55727, 41.03768 ], [ 29.55307, 41.03854 ], [ 29.55234, 41.03595 ], [ 29.55086, 41.03498 ], [ 29.548, 41.03588 ], [ 29.54696, 41.03718 ], [ 29.54395, 41.03516 ], [ 29.54226, 41.03681 ], [ 29.53878, 41.0369 ], [ 29.53707, 41.03581 ], [ 29.53755, 41.03326 ], [ 29.53169, 41.03391 ], [ 29.53081, 41.03343 ], [ 29.53056, 41.03138 ], [ 29.52912, 41.03102 ], [ 29.52696, 41.03182 ], [ 29.52673, 41.03381 ], [ 29.52486, 41.0343 ], [ 29.52658, 41.0364 ], [ 29.52336, 41.0393 ], [ 29.52266, 41.04134 ], [ 29.52043, 41.04147 ], [ 29.51766, 41.04425 ], [ 29.51622, 41.04408 ], [ 29.51499, 41.04275 ], [ 29.51222, 41.04246 ], [ 29.51159, 41.04011 ], [ 29.51004, 41.04188 ], [ 29.50887, 41.04195 ], [ 29.50787, 41.04101 ], [ 29.50873, 41.03891 ], [ 29.50819, 41.03717 ], [ 29.50434, 41.03349 ], [ 29.50254, 41.03238 ], [ 29.50012, 41.03262 ], [ 29.49753, 41.03165 ], [ 29.4956, 41.03473 ], [ 29.48396, 41.02992 ], [ 29.48427, 41.02498 ], [ 29.48171, 41.02018 ], [ 29.47612, 41.0177 ], [ 29.47651, 41.01639 ], [ 29.47111, 41.01334 ], [ 29.46634, 41.00863 ], [ 29.45313, 41.00219 ], [ 29.44929, 40.99871 ], [ 29.44559, 40.99826 ], [ 29.44129, 40.99629 ], [ 29.43996, 40.99705 ], [ 29.44011, 40.99959 ], [ 29.43456, 41.00268 ], [ 29.43824, 41.00952 ], [ 29.43624, 41.01061 ], [ 29.43417, 41.00867 ], [ 29.43422, 41.01035 ], [ 29.43646, 41.01212 ], [ 29.435, 41.01226 ], [ 29.43406, 41.01462 ], [ 29.43319, 41.015 ], [ 29.43038, 41.01451 ], [ 29.42904, 41.01511 ], [ 29.43033, 41.01787 ], [ 29.43155, 41.01757 ], [ 29.43097, 41.01811 ], [ 29.43147, 41.01855 ], [ 29.43343, 41.01855 ], [ 29.43189, 41.01928 ], [ 29.43189, 41.02104 ], [ 29.42814, 41.02132 ], [ 29.42421, 41.02277 ], [ 29.42522, 41.02553 ], [ 29.42915, 41.02473 ], [ 29.4314, 41.02537 ], [ 29.42918, 41.02707 ], [ 29.42902, 41.02803 ], [ 29.42259, 41.02711 ], [ 29.4222, 41.02405 ], [ 29.42064, 41.02417 ], [ 29.42182, 41.02767 ], [ 29.42125, 41.02932 ], [ 29.421, 41.0273 ], [ 29.41912, 41.0265 ], [ 29.41896, 41.02524 ], [ 29.41655, 41.02752 ], [ 29.41569, 41.02714 ], [ 29.41425, 41.0279 ], [ 29.41483, 41.02884 ], [ 29.41438, 41.02953 ], [ 29.41267, 41.02829 ], [ 29.41198, 41.03225 ], [ 29.41254, 41.03393 ], [ 29.41176, 41.03544 ], [ 29.41064, 41.02808 ], [ 29.40938, 41.02767 ], [ 29.40914, 41.02825 ], [ 29.4065, 41.0254 ], [ 29.40626, 41.02755 ], [ 29.40443, 41.02537 ], [ 29.40179, 41.02541 ], [ 29.40059, 41.02596 ], [ 29.40289, 41.02731 ], [ 29.40167, 41.02934 ], [ 29.40223, 41.03017 ], [ 29.4017, 41.03015 ], [ 29.40169, 41.03223 ], [ 29.40081, 41.03102 ], [ 29.40081, 41.02803 ], [ 29.39904, 41.02672 ], [ 29.3983, 41.02712 ], [ 29.39938, 41.02893 ], [ 29.39919, 41.03099 ], [ 29.39805, 41.03282 ], [ 29.39812, 41.02955 ], [ 29.39634, 41.02727 ], [ 29.39566, 41.02869 ], [ 29.39489, 41.02854 ], [ 29.39406, 41.03091 ], [ 29.39357, 41.02996 ], [ 29.3925, 41.03046 ], [ 29.39315, 41.02826 ], [ 29.39251, 41.02902 ], [ 29.39159, 41.02834 ], [ 29.38919, 41.02899 ], [ 29.38853, 41.02983 ], [ 29.38596, 41.02943 ], [ 29.38606, 41.03061 ], [ 29.38315, 41.03309 ], [ 29.38371, 41.03443 ], [ 29.38213, 41.03407 ], [ 29.37821, 41.0356 ], [ 29.37831, 41.03665 ], [ 29.38065, 41.03536 ], [ 29.38189, 41.03564 ], [ 29.384, 41.03802 ], [ 29.38098, 41.0369 ], [ 29.38044, 41.03789 ], [ 29.38103, 41.03844 ], [ 29.38029, 41.03881 ], [ 29.38088, 41.0401 ], [ 29.37936, 41.03946 ], [ 29.37926, 41.04005 ], [ 29.37793, 41.04003 ], [ 29.37762, 41.04174 ], [ 29.37842, 41.04211 ], [ 29.37715, 41.04284 ], [ 29.37875, 41.04284 ], [ 29.37808, 41.04407 ], [ 29.38141, 41.04417 ], [ 29.38269, 41.04472 ], [ 29.3824, 41.04519 ], [ 29.38463, 41.04499 ], [ 29.38889, 41.04165 ], [ 29.38991, 41.04236 ], [ 29.38884, 41.04404 ], [ 29.38986, 41.04551 ], [ 29.393, 41.04382 ], [ 29.39226, 41.04609 ], [ 29.39283, 41.04688 ], [ 29.39398, 41.0469 ], [ 29.39496, 41.04534 ], [ 29.39523, 41.04655 ], [ 29.39633, 41.04689 ], [ 29.39545, 41.04767 ], [ 29.39639, 41.04806 ], [ 29.3988, 41.04706 ], [ 29.39765, 41.04934 ], [ 29.39827, 41.05081 ], [ 29.40058, 41.05265 ], [ 29.39821, 41.05163 ], [ 29.39758, 41.05208 ], [ 29.39773, 41.05121 ], [ 29.39573, 41.05001 ], [ 29.3945, 41.05076 ], [ 29.39443, 41.04994 ], [ 29.39309, 41.04931 ], [ 29.39237, 41.05162 ], [ 29.39041, 41.04885 ], [ 29.38896, 41.04885 ], [ 29.38862, 41.05078 ], [ 29.38669, 41.04941 ], [ 29.38465, 41.05074 ], [ 29.38527, 41.05144 ], [ 29.38479, 41.05237 ], [ 29.38713, 41.05412 ], [ 29.38818, 41.05416 ], [ 29.38864, 41.05311 ], [ 29.38954, 41.05348 ], [ 29.38881, 41.05563 ], [ 29.39128, 41.05554 ], [ 29.39084, 41.05681 ], [ 29.3926, 41.05693 ], [ 29.3932, 41.0573 ], [ 29.39041, 41.05775 ], [ 29.391, 41.05962 ], [ 29.38699, 41.05705 ], [ 29.38543, 41.05833 ], [ 29.38782, 41.06149 ], [ 29.38967, 41.06239 ], [ 29.38701, 41.06363 ], [ 29.38714, 41.06444 ], [ 29.39049, 41.06386 ], [ 29.3897, 41.06511 ], [ 29.39051, 41.06595 ], [ 29.3889, 41.0661 ], [ 29.38807, 41.06903 ], [ 29.38908, 41.07009 ], [ 29.391, 41.07023 ], [ 29.39038, 41.07071 ], [ 29.39089, 41.07186 ], [ 29.38881, 41.0733 ], [ 29.39073, 41.07403 ], [ 29.39194, 41.07315 ], [ 29.39362, 41.07321 ], [ 29.39442, 41.07443 ], [ 29.39624, 41.07491 ], [ 29.39512, 41.07596 ], [ 29.39621, 41.07566 ], [ 29.39664, 41.07587 ], [ 29.39525, 41.07639 ], [ 29.39464, 41.07505 ], [ 29.39245, 41.07552 ], [ 29.39347, 41.07702 ], [ 29.39498, 41.07745 ], [ 29.38998, 41.079 ], [ 29.39013, 41.08346 ], [ 29.394, 41.08526 ], [ 29.39461, 41.0867 ], [ 29.39306, 41.08876 ], [ 29.39092, 41.08887 ], [ 29.39416, 41.0942 ], [ 29.39741, 41.09416 ], [ 29.39951, 41.09516 ], [ 29.40141, 41.10008 ], [ 29.39832, 41.09984 ], [ 29.3913, 41.10275 ], [ 29.38995, 41.10541 ], [ 29.38703, 41.10642 ], [ 29.38407, 41.10882 ], [ 29.38247, 41.10878 ], [ 29.37989, 41.12132 ], [ 29.37807, 41.12293 ], [ 29.37242, 41.12569 ], [ 29.36676, 41.12345 ], [ 29.36368, 41.12634 ], [ 29.36112, 41.12707 ], [ 29.36519, 41.13417 ], [ 29.36392, 41.14055 ], [ 29.36248, 41.14182 ], [ 29.35995, 41.14151 ], [ 29.35841, 41.14285 ], [ 29.35353, 41.14295 ], [ 29.35598, 41.14693 ], [ 29.35568, 41.14852 ], [ 29.35636, 41.14958 ], [ 29.35082, 41.15309 ], [ 29.34718, 41.15252 ], [ 29.34457, 41.15113 ], [ 29.34424, 41.15539 ], [ 29.33817, 41.15936 ], [ 29.33131, 41.15875 ], [ 29.32832, 41.1576 ], [ 29.32907, 41.16051 ], [ 29.32845, 41.16334 ], [ 29.32146, 41.16584 ], [ 29.3231, 41.16809 ], [ 29.31954, 41.17078 ], [ 29.3189, 41.17208 ], [ 29.32361, 41.17454 ], [ 29.32688, 41.1827 ], [ 29.32425, 41.185 ], [ 29.32409, 41.18615 ], [ 29.32124, 41.18661 ], [ 29.32202, 41.19399 ], [ 29.33152, 41.2036 ], [ 29.33109, 41.20502 ], [ 29.33207, 41.20622 ], [ 29.32907, 41.21141 ], [ 29.332, 41.21612 ], [ 29.33318, 41.21634 ] ] ] } }
]
}
